id,code,name,category,brand,unit,region,market_price_fcfa,official_price_fcfa,price_date,price_type,official_status,source,source_url,catalog_status,verification_note
1,JP-00001,Riz brisé ordinaire local,Céréales,,kg,Dakar,363.0,300.0,2026-05-01,market_average,homologué,"ANSD – IHPC base 2023, mai 2026",https://www.ansd.sn/sites/default/files/2026-06/IHPC_base2023_Mai-26_.pdf,verified_price,Prix chiffré avec source identifiée
2,JP-00002,Riz parfumé brisé importé,Céréales,,kg,Dakar,505.0,,2026-05-01,market_average,non_homologué,"ANSD – IHPC base 2023, mai 2026",https://www.ansd.sn/sites/default/files/2026-06/IHPC_base2023_Mai-26_.pdf,verified_price,Prix chiffré avec source identifiée
3,JP-00003,Riz entier ordinaire local,Céréales,,kg,Dakar,500.0,,2026-05-01,market_average,non_homologué,"ANSD – IHPC base 2023, mai 2026",https://www.ansd.sn/sites/default/files/2026-06/IHPC_base2023_Mai-26_.pdf,verified_price,Prix chiffré avec source identifiée
4,JP-00004,Maïs séché en grains,Céréales,,kg,Dakar,347.0,,2026-05-01,market_average,non_homologué,"ANSD – IHPC base 2023, mai 2026",https://www.ansd.sn/sites/default/files/2026-06/IHPC_base2023_Mai-26_.pdf,verified_price,Prix chiffré avec source identifiée
5,JP-00005,Mil en grain,Céréales,,kg,Dakar,388.0,,2026-05-01,market_average,non_homologué,"ANSD – IHPC base 2023, mai 2026",https://www.ansd.sn/sites/default/files/2026-06/IHPC_base2023_Mai-26_.pdf,verified_price,Prix chiffré avec source identifiée
6,JP-00006,Riz parfumé brisé 100 % Thiof,Céréales,Thiof,sac_25kg,Sénégal,16280.0,,2026-09-09,online_retail,non_homologué,Jumia Sénégal – fiche produit,https://www.jumia.sn/epicerie/?oos=1,verified_price,Prix chiffré avec source identifiée
7,JP-00007,Riz entier de la Vallée Sunu Thiep,Céréales,SUNU THIEP,sac_25kg,Sénégal,9490.0,,2026-09-09,online_retail,non_homologué,Jumia Sénégal – fiche produit,https://www.jumia.sn/epicerie/?oos=1,verified_price,Prix chiffré avec source identifiée
8,JP-00008,Riz blanc de la Vallée Karolina,Céréales,Karolina,sac_5kg,Sénégal,3290.0,,2026-09-09,online_retail,non_homologué,Jumia Sénégal – fiche produit,https://www.jumia.sn/epicerie/?oos=1,verified_price,Prix chiffré avec source identifiée
9,JP-00009,Couscous fin Diari,Céréales,Diari,kg,Sénégal,1000.0,,2026-09-09,online_retail,non_homologué,Jumia Sénégal – fiche produit,https://www.jumia.sn/epicerie/?oos=1,verified_price,Prix chiffré avec source identifiée
10,JP-00010,Vermicelles Maman,Pâtes,Maman,1kg,Sénégal,1120.0,,2026-09-09,online_retail,non_homologué,Jumia Sénégal – lot 500 g x 2,https://www.jumia.sn/epicerie/?oos=1,verified_price,Prix chiffré avec source identifiée
11,JP-00011,Spaghetti Auntie B,Pâtes,Auntie B,1kg,Sénégal,890.0,,2026-09-09,online_retail,non_homologué,Jumia Sénégal – lot 200 g x 5,https://www.jumia.sn/epicerie/cuisson/,verified_price,Prix chiffré avec source identifiée
12,JP-00012,Sucre cristallisé en poudre,Sucre,,kg,Dakar,600.0,600.0,2026-05-01,market_average,homologué,"ANSD – IHPC base 2023, mai 2026",https://www.ansd.sn/sites/default/files/2026-06/IHPC_base2023_Mai-26_.pdf,verified_price,Prix chiffré avec source identifiée
13,JP-00013,Sucre en poudre Sunu Suker,Sucre,CSS,kg,Sénégal,750.0,600.0,2026-09-09,online_retail,homologué,Jumia Sénégal – CSS,https://www.jumia.sn/epicerie-sirops-sucres-edulcorants/css/,verified_price,Prix chiffré avec source identifiée
14,JP-00014,Sucre en morceaux CSS,Sucre,CSS,kg,Sénégal,880.0,600.0,2026-09-09,online_retail,homologué,Jumia Sénégal – CSS,https://www.jumia.sn/epicerie/css/,verified_price,Prix chiffré avec source identifiée
15,JP-00015,Huile de palme raffinée,Huiles,,litre,Dakar,,1000.0,2024-06-24,official_reference,homologué,Arrêté n°09852 du 24 juin 2024 – Gouvernement du Sénégal,https://www.primature.sn/publications/communiques-officiels/arrete-ndeg-09852-du-24-juin-2024-portant-administration-des,verified_price,Prix chiffré avec source identifiée
16,JP-00016,Huile de palme raffinée,Huiles,,bidon_20L,Dakar,19000.0,19000.0,2024-06-24,official_reference,homologué,Arrêté n°09852 du 24 juin 2024,https://www.primature.sn/publications/communiques-officiels/arrete-ndeg-09852-du-24-juin-2024-portant-administration-des,verified_price,Prix chiffré avec source identifiée
17,JP-00017,Huile végétale,Huiles,,bidon_5L,Sénégal,5990.0,,2026-09-09,online_retail,non_homologué,Jumia Sénégal – catégorie supermarché,https://www.jumia.sn/corps-savons/special-price/,verified_price,Prix chiffré avec source identifiée
18,JP-00018,Huile d'arachide Seni,Huiles,Seni,bidon_5L,Sénégal,6250.0,,2026-09-09,online_retail,non_homologué,Jumia Sénégal – catégorie cuisine,https://www.jumia.sn/epicerie-cuisson/,verified_price,Prix chiffré avec source identifiée
19,JP-00019,Huile de tournesol Brinto,Huiles,Brinto,litre,Sénégal,1790.0,,2026-09-09,online_retail,non_homologué,Jumia Sénégal – catégorie cuisine,https://www.jumia.sn/epicerie-cuisson/,verified_price,Prix chiffré avec source identifiée
20,JP-00020,Baguette de pain,Boulangerie,,unite_60g,Dakar,50.0,50.0,2024-06-24,official_reference,homologué,Arrêté n°09852 du 24 juin 2024,https://www.primature.sn/publications/communiques-officiels/arrete-ndeg-09852-du-24-juin-2024-portant-administration-des,verified_price,Prix chiffré avec source identifiée
21,JP-00021,Baguette de pain,Boulangerie,,unite_115g,Dakar,100.0,100.0,2024-06-24,official_reference,homologué,Arrêté n°09852 du 24 juin 2024,https://www.primature.sn/publications/communiques-officiels/arrete-ndeg-09852-du-24-juin-2024-portant-administration-des,verified_price,Prix chiffré avec source identifiée
22,JP-00022,Baguette de pain standard,Boulangerie,,unite_190g,Dakar,150.0,150.0,2024-06-24,official_reference,homologué,Arrêté n°09852 du 24 juin 2024 + contrôle APS août 2026,https://www.primature.sn/publications/communiques-officiels/arrete-ndeg-09852-du-24-juin-2024-portant-administration-des,verified_price,Prix chiffré avec source identifiée
23,JP-00023,Baguette de pain,Boulangerie,,unite_230g,Dakar,200.0,200.0,2024-06-24,official_reference,homologué,Arrêté n°09852 du 24 juin 2024,https://www.primature.sn/publications/communiques-officiels/arrete-ndeg-09852-du-24-juin-2024-portant-administration-des,verified_price,Prix chiffré avec source identifiée
24,JP-00024,Farine boulangère de blé type 55,Farine,,sac_50kg,Dakar,15200.0,15200.0,2024-06-24,official_reference,homologué,Arrêté n°09852 du 24 juin 2024,https://www.primature.sn/publications/communiques-officiels/arrete-ndeg-09852-du-24-juin-2024-portant-administration-des,verified_price,Prix chiffré avec source identifiée
25,JP-00025,Farine boulangère améliorée,Farine,,sac_50kg,Dakar,15700.0,15700.0,2024-06-24,official_reference,homologué,Arrêté n°09852 du 24 juin 2024,https://www.primature.sn/publications/communiques-officiels/arrete-ndeg-09852-du-24-juin-2024-portant-administration-des,verified_price,Prix chiffré avec source identifiée
26,JP-00026,Farine de blé Gourmet,Farine,Gourmet,kg,Sénégal,802.0,,2026-09-09,online_retail,non_homologué,Jumia Sénégal – catégorie cuisine,https://www.jumia.sn/epicerie-cuisson/,verified_price,Prix chiffré avec source identifiée
27,JP-00027,Oignon frais local,Légumes,,kg,Dakar,421.0,,2026-05-01,market_average,non_homologué,"ANSD – IHPC base 2023, mai 2026",https://www.ansd.sn/sites/default/files/2026-06/IHPC_base2023_Mai-26_.pdf,verified_price,Prix chiffré avec source identifiée
28,JP-00028,Pomme de terre,Légumes,,kg,Dakar,482.0,,2026-05-01,market_average,non_homologué,"ANSD – Bulletin IHPC, mai 2026",https://www.ansd.sn/sites/default/files/2026-07/BULLETIN_MAI_2026_VF.pdf,verified_price,Prix chiffré avec source identifiée
29,JP-00029,Tomate ronde,Légumes,,kg,Dakar,732.0,,2026-05-01,market_average,non_homologué,"ANSD – Bulletin IHPC, mai 2026",https://www.ansd.sn/sites/default/files/2026-07/BULLETIN_MAI_2026_VF.pdf,verified_price,Prix chiffré avec source identifiée
30,JP-00030,"Aubergine locale (diakhatou, khouligné)",Légumes,,kg,Dakar,480.0,,2026-05-01,market_average,non_homologué,"ANSD – Bulletin IHPC, mai 2026",https://www.ansd.sn/sites/default/files/2026-07/BULLETIN_MAI_2026_VF.pdf,verified_price,Prix chiffré avec source identifiée
31,JP-00031,Aubergine violette (batanksé),Légumes,,kg,Dakar,370.0,,2026-05-01,market_average,non_homologué,"ANSD – Bulletin IHPC, mai 2026",https://www.ansd.sn/sites/default/files/2026-07/BULLETIN_MAI_2026_VF.pdf,verified_price,Prix chiffré avec source identifiée
32,JP-00032,Haricots verts,Légumes,,kg,Dakar,890.0,,2026-05-01,market_average,non_homologué,"ANSD – Bulletin IHPC, mai 2026",https://www.ansd.sn/sites/default/files/2026-07/BULLETIN_MAI_2026_VF.pdf,verified_price,Prix chiffré avec source identifiée
33,JP-00033,Gombos frais,Légumes,,kg,Dakar,1533.0,,2026-05-01,market_average,non_homologué,"ANSD – Bulletin IHPC, mai 2026",https://www.ansd.sn/sites/default/files/2026-07/BULLETIN_MAI_2026_VF.pdf,verified_price,Prix chiffré avec source identifiée
34,JP-00034,Carotte,Légumes,,kg,Dakar,376.0,,2026-01-01,market_average,non_homologué,ANSD – Bulletin IHPC janvier 2026,https://www.ansd.sn/sites/default/files/2026-04/BULLETIN_JANVIER_2026_VF_14_04_2026.pdf,verified_price,Prix chiffré avec source identifiée
35,JP-00035,Concombre,Légumes,,kg,Dakar,655.0,,2026-05-01,market_average,non_homologué,"ANSD – Bulletin IHPC, mai 2026",https://www.ansd.sn/sites/default/files/2026-07/BULLETIN_MAI_2026_VF.pdf,verified_price,Prix chiffré avec source identifiée
36,JP-00036,Poivron frais,Légumes,,kg,Dakar,1040.0,,2026-01-01,market_average,non_homologué,ANSD – Bulletin IHPC janvier 2026,https://www.ansd.sn/sites/default/files/2026-04/BULLETIN_JANVIER_2026_VF_14_04_2026.pdf,verified_price,Prix chiffré avec source identifiée
37,JP-00037,Patate douce fraîche,Tubercules,,kg,Dakar,517.0,,2026-05-01,market_average,non_homologué,"ANSD – Bulletin IHPC, mai 2026",https://www.ansd.sn/sites/default/files/2026-07/BULLETIN_MAI_2026_VF.pdf,verified_price,Prix chiffré avec source identifiée
38,JP-00038,Manioc frais,Tubercules,,kg,Dakar,429.0,,2026-05-01,market_average,non_homologué,"ANSD – Bulletin IHPC, mai 2026",https://www.ansd.sn/sites/default/files/2026-07/BULLETIN_MAI_2026_VF.pdf,verified_price,Prix chiffré avec source identifiée
39,JP-00039,Papaye Afrique,Fruits,,kg,Dakar,981.0,,2026-05-01,market_average,non_homologué,"ANSD – Bulletin IHPC, mai 2026",https://www.ansd.sn/sites/default/files/2026-07/BULLETIN_MAI_2026_VF.pdf,verified_price,Prix chiffré avec source identifiée
40,JP-00040,Pomme fruit,Fruits,,kg,Dakar,1764.0,,2026-05-01,market_average,non_homologué,"ANSD – Bulletin IHPC, mai 2026",https://www.ansd.sn/sites/default/files/2026-07/BULLETIN_MAI_2026_VF.pdf,verified_price,Prix chiffré avec source identifiée
41,JP-00041,Avocat,Fruits,,kg,Dakar,1352.0,,2026-05-01,market_average,non_homologué,"ANSD – Bulletin IHPC, mai 2026",https://www.ansd.sn/sites/default/files/2026-07/BULLETIN_MAI_2026_VF.pdf,verified_price,Prix chiffré avec source identifiée
42,JP-00042,Pastèque,Fruits,,kg,Dakar,417.0,,2026-05-01,market_average,non_homologué,"ANSD – Bulletin IHPC, mai 2026",https://www.ansd.sn/sites/default/files/2026-07/BULLETIN_MAI_2026_VF.pdf,verified_price,Prix chiffré avec source identifiée
43,JP-00043,Viande de bœuf avec os,Viandes,,kg,Dakar,4433.0,,2026-05-01,market_average,non_homologué,"ANSD – IHPC base 2023, mai 2026",https://www.ansd.sn/sites/default/files/2026-06/IHPC_base2023_Mai-26_.pdf,verified_price,Prix chiffré avec source identifiée
44,JP-00044,Sardinelles fumées (Kethiath),Poissons,,kg,Dakar,1658.0,,2026-05-01,market_average,non_homologué,"ANSD – Bulletin IHPC, mai 2026",https://www.ansd.sn/sites/default/files/2026-07/BULLETIN_MAI_2026_VF.pdf,verified_price,Prix chiffré avec source identifiée
45,JP-00045,Capitaine séché salé (Guedj beurr),Poissons,,kg,Dakar,7137.0,,2026-05-01,market_average,non_homologué,"ANSD – Bulletin IHPC, mai 2026",https://www.ansd.sn/sites/default/files/2026-07/BULLETIN_MAI_2026_VF.pdf,verified_price,Prix chiffré avec source identifiée
46,JP-00046,Riz brisé ordinaire,Céréales & féculents,Sans marque,kg,Sénégal,,,,not_verified,non_déterminé,Catalogue de référencement — prix à relever/vérifier,,catalog_candidate,Produit/famille à confirmer dans le catalogue fournisseur ou point de vente avant publication du prix.
47,JP-00047,Riz brisé ordinaire,Céréales & féculents,Karolina,kg,Sénégal,,,,not_verified,non_déterminé,Catalogue de référencement — prix à relever/vérifier,,catalog_candidate,Produit/famille à confirmer dans le catalogue fournisseur ou point de vente avant publication du prix.
48,JP-00048,Riz brisé ordinaire,Céréales & féculents,SUNU THIEP,kg,Sénégal,,,,not_verified,non_déterminé,Catalogue de référencement — prix à relever/vérifier,,catalog_candidate,Produit/famille à confirmer dans le catalogue fournisseur ou point de vente avant publication du prix.
49,JP-00049,Riz brisé ordinaire,Céréales & féculents,Thiof,kg,Sénégal,,,,not_verified,non_déterminé,Catalogue de référencement — prix à relever/vérifier,,catalog_candidate,Produit/famille à confirmer dans le catalogue fournisseur ou point de vente avant publication du prix.
50,JP-00050,Riz brisé parfumé,Céréales & féculents,Karolina,kg,Sénégal,,,,not_verified,non_déterminé,Catalogue de référencement — prix à relever/vérifier,,catalog_candidate,Produit/famille à confirmer dans le catalogue fournisseur ou point de vente avant publication du prix.
51,JP-00051,Riz brisé parfumé,Céréales & féculents,Thiof,kg,Sénégal,,,,not_verified,non_déterminé,Catalogue de référencement — prix à relever/vérifier,,catalog_candidate,Produit/famille à confirmer dans le catalogue fournisseur ou point de vente avant publication du prix.
52,JP-00052,Riz brisé parfumé,Céréales & féculents,Myna,kg,Sénégal,,,,not_verified,non_déterminé,Catalogue de référencement — prix à relever/vérifier,,catalog_candidate,Produit/famille à confirmer dans le catalogue fournisseur ou point de vente avant publication du prix.
53,JP-00053,Riz brisé parfumé,Céréales & féculents,Royal,kg,Sénégal,,,,not_verified,non_déterminé,Catalogue de référencement — prix à relever/vérifier,,catalog_candidate,Produit/famille à confirmer dans le catalogue fournisseur ou point de vente avant publication du prix.
54,JP-00054,Riz entier,Céréales & féculents,SUNU THIEP,kg,Sénégal,,,,not_verified,non_déterminé,Catalogue de référencement — prix à relever/vérifier,,catalog_candidate,Produit/famille à confirmer dans le catalogue fournisseur ou point de vente avant publication du prix.
55,JP-00055,Riz entier,Céréales & féculents,Karolina,kg,Sénégal,,,,not_verified,non_déterminé,Catalogue de référencement — prix à relever/vérifier,,catalog_candidate,Produit/famille à confirmer dans le catalogue fournisseur ou point de vente avant publication du prix.
56,JP-00056,Riz complet,Céréales & féculents,Sans marque,kg,Sénégal,,,,not_verified,non_déterminé,Catalogue de référencement — prix à relever/vérifier,,catalog_candidate,Produit/famille à confirmer dans le catalogue fournisseur ou point de vente avant publication du prix.
57,JP-00057,Riz basmati,Céréales & féculents,Sans marque,kg,Sénégal,,,,not_verified,non_déterminé,Catalogue de référencement — prix à relever/vérifier,,catalog_candidate,Produit/famille à confirmer dans le catalogue fournisseur ou point de vente avant publication du prix.
58,JP-00058,Riz basmati,Céréales & féculents,Royal,kg,Sénégal,,,,not_verified,non_déterminé,Catalogue de référencement — prix à relever/vérifier,,catalog_candidate,Produit/famille à confirmer dans le catalogue fournisseur ou point de vente avant publication du prix.
59,JP-00059,Riz jasmin,Céréales & féculents,Sans marque,kg,Sénégal,,,,not_verified,non_déterminé,Catalogue de référencement — prix à relever/vérifier,,catalog_candidate,Produit/famille à confirmer dans le catalogue fournisseur ou point de vente avant publication du prix.
60,JP-00060,Mil,Céréales & féculents,Sans marque,kg,Sénégal,,,,not_verified,non_déterminé,Catalogue de référencement — prix à relever/vérifier,,catalog_candidate,Produit/famille à confirmer dans le catalogue fournisseur ou point de vente avant publication du prix.
61,JP-00061,Mil décortiqué,Céréales & féculents,Sans marque,kg,Sénégal,,,,not_verified,non_déterminé,Catalogue de référencement — prix à relever/vérifier,,catalog_candidate,Produit/famille à confirmer dans le catalogue fournisseur ou point de vente avant publication du prix.
62,JP-00062,Maïs en grains,Céréales & féculents,Sans marque,kg,Sénégal,,,,not_verified,non_déterminé,Catalogue de référencement — prix à relever/vérifier,,catalog_candidate,Produit/famille à confirmer dans le catalogue fournisseur ou point de vente avant publication du prix.
63,JP-00063,Maïs moulu,Céréales & féculents,Sans marque,kg,Sénégal,,,,not_verified,non_déterminé,Catalogue de référencement — prix à relever/vérifier,,catalog_candidate,Produit/famille à confirmer dans le catalogue fournisseur ou point de vente avant publication du prix.
64,JP-00064,Fonio,Céréales & féculents,Sans marque,kg,Sénégal,,,,not_verified,non_déterminé,Catalogue de référencement — prix à relever/vérifier,,catalog_candidate,Produit/famille à confirmer dans le catalogue fournisseur ou point de vente avant publication du prix.
65,JP-00065,Fonio précuit,Céréales & féculents,Sans marque,kg,Sénégal,,,,not_verified,non_déterminé,Catalogue de référencement — prix à relever/vérifier,,catalog_candidate,Produit/famille à confirmer dans le catalogue fournisseur ou point de vente avant publication du prix.
66,JP-00066,Sorgho,Céréales & féculents,Sans marque,kg,Sénégal,,,,not_verified,non_déterminé,Catalogue de référencement — prix à relever/vérifier,,catalog_candidate,Produit/famille à confirmer dans le catalogue fournisseur ou point de vente avant publication du prix.
67,JP-00067,Avoine,Céréales & féculents,Sans marque,kg,Sénégal,,,,not_verified,non_déterminé,Catalogue de référencement — prix à relever/vérifier,,catalog_candidate,Produit/famille à confirmer dans le catalogue fournisseur ou point de vente avant publication du prix.
68,JP-00068,Couscous fin,Céréales & féculents,Diari,kg,Sénégal,,,,not_verified,non_déterminé,Catalogue de référencement — prix à relever/vérifier,,catalog_candidate,Produit/famille à confirmer dans le catalogue fournisseur ou point de vente avant publication du prix.
69,JP-00069,Couscous moyen,Céréales & féculents,Diari,kg,Sénégal,,,,not_verified,non_déterminé,Catalogue de référencement — prix à relever/vérifier,,catalog_candidate,Produit/famille à confirmer dans le catalogue fournisseur ou point de vente avant publication du prix.
70,JP-00070,Couscous de mil,Céréales & féculents,Sans marque,kg,Sénégal,,,,not_verified,non_déterminé,Catalogue de référencement — prix à relever/vérifier,,catalog_candidate,Produit/famille à confirmer dans le catalogue fournisseur ou point de vente avant publication du prix.
71,JP-00071,Semoule de maïs,Céréales & féculents,Sans marque,kg,Sénégal,,,,not_verified,non_déterminé,Catalogue de référencement — prix à relever/vérifier,,catalog_candidate,Produit/famille à confirmer dans le catalogue fournisseur ou point de vente avant publication du prix.
72,JP-00072,Spaghetti,Pâtes & nouilles,Barilla,500g,Sénégal,,,,not_verified,non_déterminé,Catalogue de référencement — prix à relever/vérifier,,catalog_candidate,Produit/famille à confirmer dans le catalogue fournisseur ou point de vente avant publication du prix.
73,JP-00073,Spaghetti,Pâtes & nouilles,Auntie B,500g,Sénégal,,,,not_verified,non_déterminé,Catalogue de référencement — prix à relever/vérifier,,catalog_candidate,Produit/famille à confirmer dans le catalogue fournisseur ou point de vente avant publication du prix.
74,JP-00074,Spaghetti,Pâtes & nouilles,Pastami,500g,Sénégal,,,,not_verified,non_déterminé,Catalogue de référencement — prix à relever/vérifier,,catalog_candidate,Produit/famille à confirmer dans le catalogue fournisseur ou point de vente avant publication du prix.
75,JP-00075,Spaghetti,Pâtes & nouilles,Maman,500g,Sénégal,,,,not_verified,non_déterminé,Catalogue de référencement — prix à relever/vérifier,,catalog_candidate,Produit/famille à confirmer dans le catalogue fournisseur ou point de vente avant publication du prix.
76,JP-00076,Macaroni,Pâtes & nouilles,Barilla,500g,Sénégal,,,,not_verified,non_déterminé,Catalogue de référencement — prix à relever/vérifier,,catalog_candidate,Produit/famille à confirmer dans le catalogue fournisseur ou point de vente avant publication du prix.
77,JP-00077,Macaroni,Pâtes & nouilles,Pastami,500g,Sénégal,,,,not_verified,non_déterminé,Catalogue de référencement — prix à relever/vérifier,,catalog_candidate,Produit/famille à confirmer dans le catalogue fournisseur ou point de vente avant publication du prix.
78,JP-00078,Penne,Pâtes & nouilles,Barilla,500g,Sénégal,,,,not_verified,non_déterminé,Catalogue de référencement — prix à relever/vérifier,,catalog_candidate,Produit/famille à confirmer dans le catalogue fournisseur ou point de vente avant publication du prix.
79,JP-00079,Fusilli,Pâtes & nouilles,Barilla,500g,Sénégal,,,,not_verified,non_déterminé,Catalogue de référencement — prix à relever/vérifier,,catalog_candidate,Produit/famille à confirmer dans le catalogue fournisseur ou point de vente avant publication du prix.
80,JP-00080,Vermicelles,Pâtes & nouilles,Maman,500g,Sénégal,,,,not_verified,non_déterminé,Catalogue de référencement — prix à relever/vérifier,,catalog_candidate,Produit/famille à confirmer dans le catalogue fournisseur ou point de vente avant publication du prix.
81,JP-00081,Vermicelles,Pâtes & nouilles,Maman,1kg,Sénégal,,,,not_verified,non_déterminé,Catalogue de référencement — prix à relever/vérifier,,catalog_candidate,Produit/famille à confirmer dans le catalogue fournisseur ou point de vente avant publication du prix.
82,JP-00082,Nouilles instantanées,Pâtes & nouilles,Indomie,70g,Sénégal,,,,not_verified,non_déterminé,Catalogue de référencement — prix à relever/vérifier,,catalog_candidate,Produit/famille à confirmer dans le catalogue fournisseur ou point de vente avant publication du prix.
83,JP-00083,Nouilles instantanées,Pâtes & nouilles,Indomie,100g,Sénégal,,,,not_verified,non_déterminé,Catalogue de référencement — prix à relever/vérifier,,catalog_candidate,Produit/famille à confirmer dans le catalogue fournisseur ou point de vente avant publication du prix.
84,JP-00084,Lasagnes,Pâtes & nouilles,Barilla,500g,Sénégal,,,,not_verified,non_déterminé,Catalogue de référencement — prix à relever/vérifier,,catalog_candidate,Produit/famille à confirmer dans le catalogue fournisseur ou point de vente avant publication du prix.
85,JP-00085,Coquillettes,Pâtes & nouilles,Barilla,500g,Sénégal,,,,not_verified,non_déterminé,Catalogue de référencement — prix à relever/vérifier,,catalog_candidate,Produit/famille à confirmer dans le catalogue fournisseur ou point de vente avant publication du prix.
86,JP-00086,Tagliatelles,Pâtes & nouilles,Barilla,500g,Sénégal,,,,not_verified,non_déterminé,Catalogue de référencement — prix à relever/vérifier,,catalog_candidate,Produit/famille à confirmer dans le catalogue fournisseur ou point de vente avant publication du prix.
87,JP-00087,Farine de blé,Farines & boulangerie,Gourmet,1kg,Sénégal,,,,not_verified,non_déterminé,Catalogue de référencement — prix à relever/vérifier,,catalog_candidate,Produit/famille à confirmer dans le catalogue fournisseur ou point de vente avant publication du prix.
88,JP-00088,Farine de blé,Farines & boulangerie,Gourmet,5kg,Sénégal,,,,not_verified,non_déterminé,Catalogue de référencement — prix à relever/vérifier,,catalog_candidate,Produit/famille à confirmer dans le catalogue fournisseur ou point de vente avant publication du prix.
89,JP-00089,Farine de blé,Farines & boulangerie,Gourmet,10kg,Sénégal,,,,not_verified,non_déterminé,Catalogue de référencement — prix à relever/vérifier,,catalog_candidate,Produit/famille à confirmer dans le catalogue fournisseur ou point de vente avant publication du prix.
90,JP-00090,Farine de blé type 55,Farines & boulangerie,Sans marque,50kg,Sénégal,,,,not_verified,non_déterminé,Catalogue de référencement — prix à relever/vérifier,,catalog_candidate,Produit/famille à confirmer dans le catalogue fournisseur ou point de vente avant publication du prix.
91,JP-00091,Farine améliorée,Farines & boulangerie,Sans marque,50kg,Sénégal,,,,not_verified,non_déterminé,Catalogue de référencement — prix à relever/vérifier,,catalog_candidate,Produit/famille à confirmer dans le catalogue fournisseur ou point de vente avant publication du prix.
92,JP-00092,Farine de maïs,Farines & boulangerie,Sans marque,1kg,Sénégal,,,,not_verified,non_déterminé,Catalogue de référencement — prix à relever/vérifier,,catalog_candidate,Produit/famille à confirmer dans le catalogue fournisseur ou point de vente avant publication du prix.
93,JP-00093,Farine de mil,Farines & boulangerie,Sans marque,1kg,Sénégal,,,,not_verified,non_déterminé,Catalogue de référencement — prix à relever/vérifier,,catalog_candidate,Produit/famille à confirmer dans le catalogue fournisseur ou point de vente avant publication du prix.
94,JP-00094,Levure sèche,Farines & boulangerie,Panelli,500g,Sénégal,,,,not_verified,non_déterminé,Catalogue de référencement — prix à relever/vérifier,,catalog_candidate,Produit/famille à confirmer dans le catalogue fournisseur ou point de vente avant publication du prix.
95,JP-00095,Levure boulangère,Farines & boulangerie,Sans marque,125g,Sénégal,,,,not_verified,non_déterminé,Catalogue de référencement — prix à relever/vérifier,,catalog_candidate,Produit/famille à confirmer dans le catalogue fournisseur ou point de vente avant publication du prix.
96,JP-00096,Chapelure,Farines & boulangerie,Sans marque,200g,Sénégal,,,,not_verified,non_déterminé,Catalogue de référencement — prix à relever/vérifier,,catalog_candidate,Produit/famille à confirmer dans le catalogue fournisseur ou point de vente avant publication du prix.
97,JP-00097,Sucre cristallisé,Sucres & édulcorants,CSS,1kg,Sénégal,,,,not_verified,non_déterminé,Catalogue de référencement — prix à relever/vérifier,,catalog_candidate,Produit/famille à confirmer dans le catalogue fournisseur ou point de vente avant publication du prix.
98,JP-00098,Sucre cristallisé,Sucres & édulcorants,Saint Louis,1kg,Sénégal,,,,not_verified,non_déterminé,Catalogue de référencement — prix à relever/vérifier,,catalog_candidate,Produit/famille à confirmer dans le catalogue fournisseur ou point de vente avant publication du prix.
99,JP-00099,Sucre en poudre,Sucres & édulcorants,Saint Louis,650g,Sénégal,,,,not_verified,non_déterminé,Catalogue de référencement — prix à relever/vérifier,,catalog_candidate,Produit/famille à confirmer dans le catalogue fournisseur ou point de vente avant publication du prix.
100,JP-00100,Sucre en morceaux,Sucres & édulcorants,CSS,1kg,Sénégal,,,,not_verified,non_déterminé,Catalogue de référencement — prix à relever/vérifier,,catalog_candidate,Produit/famille à confirmer dans le catalogue fournisseur ou point de vente avant publication du prix.
101,JP-00101,Sucre en morceaux,Sucres & édulcorants,Saint Louis,1kg,Sénégal,,,,not_verified,non_déterminé,Catalogue de référencement — prix à relever/vérifier,,catalog_candidate,Produit/famille à confirmer dans le catalogue fournisseur ou point de vente avant publication du prix.
102,JP-00102,Sucre glace,Sucres & édulcorants,Sans marque,500g,Sénégal,,,,not_verified,non_déterminé,Catalogue de référencement — prix à relever/vérifier,,catalog_candidate,Produit/famille à confirmer dans le catalogue fournisseur ou point de vente avant publication du prix.
103,JP-00103,Sucre vanillé,Sucres & édulcorants,Sans marque,x5 sachets,Sénégal,,,,not_verified,non_déterminé,Catalogue de référencement — prix à relever/vérifier,,catalog_candidate,Produit/famille à confirmer dans le catalogue fournisseur ou point de vente avant publication du prix.
104,JP-00104,Édulcorant,Sucres & édulcorants,Sans marque,100 comprimés,Sénégal,,,,not_verified,non_déterminé,Catalogue de référencement — prix à relever/vérifier,,catalog_candidate,Produit/famille à confirmer dans le catalogue fournisseur ou point de vente avant publication du prix.
105,JP-00105,Huile de palme raffinée,Huiles & matières grasses,Sans marque,1L,Sénégal,,,,not_verified,non_déterminé,Catalogue de référencement — prix à relever/vérifier,,catalog_candidate,Produit/famille à confirmer dans le catalogue fournisseur ou point de vente avant publication du prix.
106,JP-00106,Huile de palme raffinée,Huiles & matières grasses,Niani,1L,Sénégal,,,,not_verified,non_déterminé,Catalogue de référencement — prix à relever/vérifier,,catalog_candidate,Produit/famille à confirmer dans le catalogue fournisseur ou point de vente avant publication du prix.
107,JP-00107,Huile de palme raffinée,Huiles & matières grasses,Jadida,1L,Sénégal,,,,not_verified,non_déterminé,Catalogue de référencement — prix à relever/vérifier,,catalog_candidate,Produit/famille à confirmer dans le catalogue fournisseur ou point de vente avant publication du prix.
108,JP-00108,Huile de palme raffinée,Huiles & matières grasses,Niani,5L,Sénégal,,,,not_verified,non_déterminé,Catalogue de référencement — prix à relever/vérifier,,catalog_candidate,Produit/famille à confirmer dans le catalogue fournisseur ou point de vente avant publication du prix.
109,JP-00109,Huile de palme raffinée,Huiles & matières grasses,Jadida,5L,Sénégal,,,,not_verified,non_déterminé,Catalogue de référencement — prix à relever/vérifier,,catalog_candidate,Produit/famille à confirmer dans le catalogue fournisseur ou point de vente avant publication du prix.
110,JP-00110,Huile de palme raffinée,Huiles & matières grasses,Sans marque,20L,Sénégal,,,,not_verified,non_déterminé,Catalogue de référencement — prix à relever/vérifier,,catalog_candidate,Produit/famille à confirmer dans le catalogue fournisseur ou point de vente avant publication du prix.
111,JP-00111,Huile d’arachide,Huiles & matières grasses,Seni,1L,Sénégal,,,,not_verified,non_déterminé,Catalogue de référencement — prix à relever/vérifier,,catalog_candidate,Produit/famille à confirmer dans le catalogue fournisseur ou point de vente avant publication du prix.
112,JP-00112,Huile d’arachide,Huiles & matières grasses,Seni,5L,Sénégal,,,,not_verified,non_déterminé,Catalogue de référencement — prix à relever/vérifier,,catalog_candidate,Produit/famille à confirmer dans le catalogue fournisseur ou point de vente avant publication du prix.
113,JP-00113,Huile de tournesol,Huiles & matières grasses,Brinto,1L,Sénégal,,,,not_verified,non_déterminé,Catalogue de référencement — prix à relever/vérifier,,catalog_candidate,Produit/famille à confirmer dans le catalogue fournisseur ou point de vente avant publication du prix.
114,JP-00114,Huile de tournesol,Huiles & matières grasses,Brinto,5L,Sénégal,,,,not_verified,non_déterminé,Catalogue de référencement — prix à relever/vérifier,,catalog_candidate,Produit/famille à confirmer dans le catalogue fournisseur ou point de vente avant publication du prix.
115,JP-00115,Huile de soja,Huiles & matières grasses,Sans marque,1L,Sénégal,,,,not_verified,non_déterminé,Catalogue de référencement — prix à relever/vérifier,,catalog_candidate,Produit/famille à confirmer dans le catalogue fournisseur ou point de vente avant publication du prix.
116,JP-00116,Margarine,Huiles & matières grasses,Sans marque,250g,Sénégal,,,,not_verified,non_déterminé,Catalogue de référencement — prix à relever/vérifier,,catalog_candidate,Produit/famille à confirmer dans le catalogue fournisseur ou point de vente avant publication du prix.
117,JP-00117,Margarine,Huiles & matières grasses,Sans marque,500g,Sénégal,,,,not_verified,non_déterminé,Catalogue de référencement — prix à relever/vérifier,,catalog_candidate,Produit/famille à confirmer dans le catalogue fournisseur ou point de vente avant publication du prix.
118,JP-00118,Beurre,Huiles & matières grasses,Sans marque,200g,Sénégal,,,,not_verified,non_déterminé,Catalogue de référencement — prix à relever/vérifier,,catalog_candidate,Produit/famille à confirmer dans le catalogue fournisseur ou point de vente avant publication du prix.
119,JP-00119,Lait en poudre,Lait & produits laitiers,Diamo,400g,Sénégal,,,,not_verified,non_déterminé,Catalogue de référencement — prix à relever/vérifier,,catalog_candidate,Produit/famille à confirmer dans le catalogue fournisseur ou point de vente avant publication du prix.
120,JP-00120,Lait en poudre,Lait & produits laitiers,Diamo,500g,Sénégal,,,,not_verified,non_déterminé,Catalogue de référencement — prix à relever/vérifier,,catalog_candidate,Produit/famille à confirmer dans le catalogue fournisseur ou point de vente avant publication du prix.
121,JP-00121,Lait en poudre,Lait & produits laitiers,Diamo,1kg,Sénégal,,,,not_verified,non_déterminé,Catalogue de référencement — prix à relever/vérifier,,catalog_candidate,Produit/famille à confirmer dans le catalogue fournisseur ou point de vente avant publication du prix.
122,JP-00122,Lait concentré non sucré,Lait & produits laitiers,Bonnet Rouge,160g,Sénégal,,,,not_verified,non_déterminé,Catalogue de référencement — prix à relever/vérifier,,catalog_candidate,Produit/famille à confirmer dans le catalogue fournisseur ou point de vente avant publication du prix.
123,JP-00123,Lait concentré sucré,Lait & produits laitiers,Nestlé,397g,Sénégal,,,,not_verified,non_déterminé,Catalogue de référencement — prix à relever/vérifier,,catalog_candidate,Produit/famille à confirmer dans le catalogue fournisseur ou point de vente avant publication du prix.
124,JP-00124,Lait UHT,Lait & produits laitiers,Joya,1L,Sénégal,,,,not_verified,non_déterminé,Catalogue de référencement — prix à relever/vérifier,,catalog_candidate,Produit/famille à confirmer dans le catalogue fournisseur ou point de vente avant publication du prix.
125,JP-00125,Lait UHT demi-écrémé,Lait & produits laitiers,Joya,1L,Sénégal,,,,not_verified,non_déterminé,Catalogue de référencement — prix à relever/vérifier,,catalog_candidate,Produit/famille à confirmer dans le catalogue fournisseur ou point de vente avant publication du prix.
126,JP-00126,Yaourt nature,Lait & produits laitiers,,125g,Sénégal,,,,not_verified,non_déterminé,Catalogue de référencement — prix à relever/vérifier,,catalog_candidate,Produit/famille à confirmer dans le catalogue fournisseur ou point de vente avant publication du prix.
127,JP-00127,Yaourt aromatisé,Lait & produits laitiers,,125g,Sénégal,,,,not_verified,non_déterminé,Catalogue de référencement — prix à relever/vérifier,,catalog_candidate,Produit/famille à confirmer dans le catalogue fournisseur ou point de vente avant publication du prix.
128,JP-00128,Fromage fondu,Lait & produits laitiers,La Vache Qui Rit,112g,Sénégal,,,,not_verified,non_déterminé,Catalogue de référencement — prix à relever/vérifier,,catalog_candidate,Produit/famille à confirmer dans le catalogue fournisseur ou point de vente avant publication du prix.
129,JP-00129,Fromage fondu,Lait & produits laitiers,La Vache Qui Rit,200g,Sénégal,,,,not_verified,non_déterminé,Catalogue de référencement — prix à relever/vérifier,,catalog_candidate,Produit/famille à confirmer dans le catalogue fournisseur ou point de vente avant publication du prix.
130,JP-00130,Crème dessert,Lait & produits laitiers,,4x125g,Sénégal,,,,not_verified,non_déterminé,Catalogue de référencement — prix à relever/vérifier,,catalog_candidate,Produit/famille à confirmer dans le catalogue fournisseur ou point de vente avant publication du prix.
131,JP-00131,Sardines à l’huile,Conserves & protéines,Bon Appetit,125g,Sénégal,,,,not_verified,non_déterminé,Catalogue de référencement — prix à relever/vérifier,,catalog_candidate,Produit/famille à confirmer dans le catalogue fournisseur ou point de vente avant publication du prix.
132,JP-00132,Sardines à la tomate,Conserves & protéines,Bon Appetit,125g,Sénégal,,,,not_verified,non_déterminé,Catalogue de référencement — prix à relever/vérifier,,catalog_candidate,Produit/famille à confirmer dans le catalogue fournisseur ou point de vente avant publication du prix.
133,JP-00133,Thon à l’huile,Conserves & protéines,Sans marque,160g,Sénégal,,,,not_verified,non_déterminé,Catalogue de référencement — prix à relever/vérifier,,catalog_candidate,Produit/famille à confirmer dans le catalogue fournisseur ou point de vente avant publication du prix.
134,JP-00134,Thon naturel,Conserves & protéines,Sans marque,160g,Sénégal,,,,not_verified,non_déterminé,Catalogue de référencement — prix à relever/vérifier,,catalog_candidate,Produit/famille à confirmer dans le catalogue fournisseur ou point de vente avant publication du prix.
135,JP-00135,Tomates concassées,Conserves & protéines,Avril,400g,Sénégal,,,,not_verified,non_déterminé,Catalogue de référencement — prix à relever/vérifier,,catalog_candidate,Produit/famille à confirmer dans le catalogue fournisseur ou point de vente avant publication du prix.
136,JP-00136,Concentré de tomate,Conserves & protéines,Sans marque,800g,Sénégal,,,,not_verified,non_déterminé,Catalogue de référencement — prix à relever/vérifier,,catalog_candidate,Produit/famille à confirmer dans le catalogue fournisseur ou point de vente avant publication du prix.
137,JP-00137,Petits pois,Conserves & protéines,Avril,400g,Sénégal,,,,not_verified,non_déterminé,Catalogue de référencement — prix à relever/vérifier,,catalog_candidate,Produit/famille à confirmer dans le catalogue fournisseur ou point de vente avant publication du prix.
138,JP-00138,Petits pois carottes,Conserves & protéines,Avril,800g,Sénégal,,,,not_verified,non_déterminé,Catalogue de référencement — prix à relever/vérifier,,catalog_candidate,Produit/famille à confirmer dans le catalogue fournisseur ou point de vente avant publication du prix.
139,JP-00139,Haricots blancs,Conserves & protéines,Sans marque,800g,Sénégal,,,,not_verified,non_déterminé,Catalogue de référencement — prix à relever/vérifier,,catalog_candidate,Produit/famille à confirmer dans le catalogue fournisseur ou point de vente avant publication du prix.
140,JP-00140,Haricots rouges,Conserves & protéines,Sans marque,800g,Sénégal,,,,not_verified,non_déterminé,Catalogue de référencement — prix à relever/vérifier,,catalog_candidate,Produit/famille à confirmer dans le catalogue fournisseur ou point de vente avant publication du prix.
141,JP-00141,Pois chiches,Conserves & protéines,Sans marque,800g,Sénégal,,,,not_verified,non_déterminé,Catalogue de référencement — prix à relever/vérifier,,catalog_candidate,Produit/famille à confirmer dans le catalogue fournisseur ou point de vente avant publication du prix.
142,JP-00142,Maïs doux,Conserves & protéines,Sans marque,340g,Sénégal,,,,not_verified,non_déterminé,Catalogue de référencement — prix à relever/vérifier,,catalog_candidate,Produit/famille à confirmer dans le catalogue fournisseur ou point de vente avant publication du prix.
143,JP-00143,Champignons,Conserves & protéines,Sans marque,400g,Sénégal,,,,not_verified,non_déterminé,Catalogue de référencement — prix à relever/vérifier,,catalog_candidate,Produit/famille à confirmer dans le catalogue fournisseur ou point de vente avant publication du prix.
144,JP-00144,Cornichons,Conserves & protéines,Sans marque,370g,Sénégal,,,,not_verified,non_déterminé,Catalogue de référencement — prix à relever/vérifier,,catalog_candidate,Produit/famille à confirmer dans le catalogue fournisseur ou point de vente avant publication du prix.
145,JP-00145,Olives vertes,Conserves & protéines,Sans marque,340g,Sénégal,,,,not_verified,non_déterminé,Catalogue de référencement — prix à relever/vérifier,,catalog_candidate,Produit/famille à confirmer dans le catalogue fournisseur ou point de vente avant publication du prix.
146,JP-00146,Biscuits fourrés chocolat,"Biscuits, snacks & petit-déjeuner",mosaic,100g,Sénégal,,,,not_verified,non_déterminé,Catalogue de référencement — prix à relever/vérifier,,catalog_candidate,Produit/famille à confirmer dans le catalogue fournisseur ou point de vente avant publication du prix.
147,JP-00147,Biscuits fourrés chocolat,"Biscuits, snacks & petit-déjeuner",Oreo,100g,Sénégal,,,,not_verified,non_déterminé,Catalogue de référencement — prix à relever/vérifier,,catalog_candidate,Produit/famille à confirmer dans le catalogue fournisseur ou point de vente avant publication du prix.
148,JP-00148,Biscuits petit beurre,"Biscuits, snacks & petit-déjeuner",Bingo,200g,Sénégal,,,,not_verified,non_déterminé,Catalogue de référencement — prix à relever/vérifier,,catalog_candidate,Produit/famille à confirmer dans le catalogue fournisseur ou point de vente avant publication du prix.
149,JP-00149,Biscuits digestifs,"Biscuits, snacks & petit-déjeuner",Oreo,250g,Sénégal,,,,not_verified,non_déterminé,Catalogue de référencement — prix à relever/vérifier,,catalog_candidate,Produit/famille à confirmer dans le catalogue fournisseur ou point de vente avant publication du prix.
150,JP-00150,Gaufrettes,"Biscuits, snacks & petit-déjeuner",,100g,Sénégal,,,,not_verified,non_déterminé,Catalogue de référencement — prix à relever/vérifier,,catalog_candidate,Produit/famille à confirmer dans le catalogue fournisseur ou point de vente avant publication du prix.
151,JP-00151,Chips pomme de terre,"Biscuits, snacks & petit-déjeuner",,100g,Sénégal,,,,not_verified,non_déterminé,Catalogue de référencement — prix à relever/vérifier,,catalog_candidate,Produit/famille à confirmer dans le catalogue fournisseur ou point de vente avant publication du prix.
152,JP-00152,Chips banane plantain,"Biscuits, snacks & petit-déjeuner",,100g,Sénégal,,,,not_verified,non_déterminé,Catalogue de référencement — prix à relever/vérifier,,catalog_candidate,Produit/famille à confirmer dans le catalogue fournisseur ou point de vente avant publication du prix.
153,JP-00153,Céréales petit-déjeuner,"Biscuits, snacks & petit-déjeuner",,500g,Sénégal,,,,not_verified,non_déterminé,Catalogue de référencement — prix à relever/vérifier,,catalog_candidate,Produit/famille à confirmer dans le catalogue fournisseur ou point de vente avant publication du prix.
154,JP-00154,Corn flakes,"Biscuits, snacks & petit-déjeuner",,500g,Sénégal,,,,not_verified,non_déterminé,Catalogue de référencement — prix à relever/vérifier,,catalog_candidate,Produit/famille à confirmer dans le catalogue fournisseur ou point de vente avant publication du prix.
155,JP-00155,Muesli,"Biscuits, snacks & petit-déjeuner",,500g,Sénégal,,,,not_verified,non_déterminé,Catalogue de référencement — prix à relever/vérifier,,catalog_candidate,Produit/famille à confirmer dans le catalogue fournisseur ou point de vente avant publication du prix.
156,JP-00156,Barres céréalières,"Biscuits, snacks & petit-déjeuner",,x6,Sénégal,,,,not_verified,non_déterminé,Catalogue de référencement — prix à relever/vérifier,,catalog_candidate,Produit/famille à confirmer dans le catalogue fournisseur ou point de vente avant publication du prix.
157,JP-00157,Chocolat en tablette,"Biscuits, snacks & petit-déjeuner",,100g,Sénégal,,,,not_verified,non_déterminé,Catalogue de référencement — prix à relever/vérifier,,catalog_candidate,Produit/famille à confirmer dans le catalogue fournisseur ou point de vente avant publication du prix.
158,JP-00158,Pâte à tartiner,"Biscuits, snacks & petit-déjeuner",,350g,Sénégal,,,,not_verified,non_déterminé,Catalogue de référencement — prix à relever/vérifier,,catalog_candidate,Produit/famille à confirmer dans le catalogue fournisseur ou point de vente avant publication du prix.
159,JP-00159,Bouillon cube,Condiments & épices,Adja,x20,Sénégal,,,,not_verified,non_déterminé,Catalogue de référencement — prix à relever/vérifier,,catalog_candidate,Produit/famille à confirmer dans le catalogue fournisseur ou point de vente avant publication du prix.
160,JP-00160,Bouillon cube,Condiments & épices,Knorr,x20,Sénégal,,,,not_verified,non_déterminé,Catalogue de référencement — prix à relever/vérifier,,catalog_candidate,Produit/famille à confirmer dans le catalogue fournisseur ou point de vente avant publication du prix.
161,JP-00161,Bouillon cube,Condiments & épices,Onga,x20,Sénégal,,,,not_verified,non_déterminé,Catalogue de référencement — prix à relever/vérifier,,catalog_candidate,Produit/famille à confirmer dans le catalogue fournisseur ou point de vente avant publication du prix.
162,JP-00162,Bouillon cube,Condiments & épices,Adja,x50,Sénégal,,,,not_verified,non_déterminé,Catalogue de référencement — prix à relever/vérifier,,catalog_candidate,Produit/famille à confirmer dans le catalogue fournisseur ou point de vente avant publication du prix.
163,JP-00163,Bouillon cube,Condiments & épices,Knorr,x50,Sénégal,,,,not_verified,non_déterminé,Catalogue de référencement — prix à relever/vérifier,,catalog_candidate,Produit/famille à confirmer dans le catalogue fournisseur ou point de vente avant publication du prix.
164,JP-00164,Bouillon cube,Condiments & épices,Onga,x50,Sénégal,,,,not_verified,non_déterminé,Catalogue de référencement — prix à relever/vérifier,,catalog_candidate,Produit/famille à confirmer dans le catalogue fournisseur ou point de vente avant publication du prix.
165,JP-00165,Marinade,Condiments & épices,Adja,x1 pack,Sénégal,,,,not_verified,non_déterminé,Catalogue de référencement — prix à relever/vérifier,,catalog_candidate,Produit/famille à confirmer dans le catalogue fournisseur ou point de vente avant publication du prix.
166,JP-00166,Poivre noir moulu,Condiments & épices,Mccormick,50g,Sénégal,,,,not_verified,non_déterminé,Catalogue de référencement — prix à relever/vérifier,,catalog_candidate,Produit/famille à confirmer dans le catalogue fournisseur ou point de vente avant publication du prix.
167,JP-00167,Poivre noir grains,Condiments & épices,Mccormick,50g,Sénégal,,,,not_verified,non_déterminé,Catalogue de référencement — prix à relever/vérifier,,catalog_candidate,Produit/famille à confirmer dans le catalogue fournisseur ou point de vente avant publication du prix.
168,JP-00168,Paprika,Condiments & épices,Mccormick,50g,Sénégal,,,,not_verified,non_déterminé,Catalogue de référencement — prix à relever/vérifier,,catalog_candidate,Produit/famille à confirmer dans le catalogue fournisseur ou point de vente avant publication du prix.
169,JP-00169,Curry,Condiments & épices,Mccormick,50g,Sénégal,,,,not_verified,non_déterminé,Catalogue de référencement — prix à relever/vérifier,,catalog_candidate,Produit/famille à confirmer dans le catalogue fournisseur ou point de vente avant publication du prix.
170,JP-00170,Cannelle,Condiments & épices,Mccormick,50g,Sénégal,,,,not_verified,non_déterminé,Catalogue de référencement — prix à relever/vérifier,,catalog_candidate,Produit/famille à confirmer dans le catalogue fournisseur ou point de vente avant publication du prix.
171,JP-00171,Gingembre moulu,Condiments & épices,Mccormick,50g,Sénégal,,,,not_verified,non_déterminé,Catalogue de référencement — prix à relever/vérifier,,catalog_candidate,Produit/famille à confirmer dans le catalogue fournisseur ou point de vente avant publication du prix.
172,JP-00172,Ail en poudre,Condiments & épices,Mccormick,50g,Sénégal,,,,not_verified,non_déterminé,Catalogue de référencement — prix à relever/vérifier,,catalog_candidate,Produit/famille à confirmer dans le catalogue fournisseur ou point de vente avant publication du prix.
173,JP-00173,Piment moulu,Condiments & épices,Mccormick,50g,Sénégal,,,,not_verified,non_déterminé,Catalogue de référencement — prix à relever/vérifier,,catalog_candidate,Produit/famille à confirmer dans le catalogue fournisseur ou point de vente avant publication du prix.
174,JP-00174,Vinaigre blanc,Condiments & épices,Sans marque,1L,Sénégal,,,,not_verified,non_déterminé,Catalogue de référencement — prix à relever/vérifier,,catalog_candidate,Produit/famille à confirmer dans le catalogue fournisseur ou point de vente avant publication du prix.
175,JP-00175,Vinaigre de cidre,Condiments & épices,,500ml,Sénégal,,,,not_verified,non_déterminé,Catalogue de référencement — prix à relever/vérifier,,catalog_candidate,Produit/famille à confirmer dans le catalogue fournisseur ou point de vente avant publication du prix.
176,JP-00176,Moutarde,Condiments & épices,,500g,Sénégal,,,,not_verified,non_déterminé,Catalogue de référencement — prix à relever/vérifier,,catalog_candidate,Produit/famille à confirmer dans le catalogue fournisseur ou point de vente avant publication du prix.
177,JP-00177,Mayonnaise,Condiments & épices,,470ml,Sénégal,,,,not_verified,non_déterminé,Catalogue de référencement — prix à relever/vérifier,,catalog_candidate,Produit/famille à confirmer dans le catalogue fournisseur ou point de vente avant publication du prix.
178,JP-00178,Ketchup,Condiments & épices,,500ml,Sénégal,,,,not_verified,non_déterminé,Catalogue de référencement — prix à relever/vérifier,,catalog_candidate,Produit/famille à confirmer dans le catalogue fournisseur ou point de vente avant publication du prix.
179,JP-00179,Sauce soja,Condiments & épices,,150ml,Sénégal,,,,not_verified,non_déterminé,Catalogue de référencement — prix à relever/vérifier,,catalog_candidate,Produit/famille à confirmer dans le catalogue fournisseur ou point de vente avant publication du prix.
180,JP-00180,Eau minérale,Boissons non alcoolisées,,"0,5L",Sénégal,,,,not_verified,non_déterminé,Catalogue de référencement — prix à relever/vérifier,,catalog_candidate,Produit/famille à confirmer dans le catalogue fournisseur ou point de vente avant publication du prix.
181,JP-00181,Eau minérale,Boissons non alcoolisées,,"1,5L",Sénégal,,,,not_verified,non_déterminé,Catalogue de référencement — prix à relever/vérifier,,catalog_candidate,Produit/famille à confirmer dans le catalogue fournisseur ou point de vente avant publication du prix.
182,JP-00182,Eau minérale,Boissons non alcoolisées,,10L,Sénégal,,,,not_verified,non_déterminé,Catalogue de référencement — prix à relever/vérifier,,catalog_candidate,Produit/famille à confirmer dans le catalogue fournisseur ou point de vente avant publication du prix.
183,JP-00183,Jus multifruits,Boissons non alcoolisées,,1L,Sénégal,,,,not_verified,non_déterminé,Catalogue de référencement — prix à relever/vérifier,,catalog_candidate,Produit/famille à confirmer dans le catalogue fournisseur ou point de vente avant publication du prix.
184,JP-00184,Jus d’orange,Boissons non alcoolisées,,1L,Sénégal,,,,not_verified,non_déterminé,Catalogue de référencement — prix à relever/vérifier,,catalog_candidate,Produit/famille à confirmer dans le catalogue fournisseur ou point de vente avant publication du prix.
185,JP-00185,Jus d’ananas,Boissons non alcoolisées,,1L,Sénégal,,,,not_verified,non_déterminé,Catalogue de référencement — prix à relever/vérifier,,catalog_candidate,Produit/famille à confirmer dans le catalogue fournisseur ou point de vente avant publication du prix.
186,JP-00186,Nectar cocktail,Boissons non alcoolisées,,1L,Sénégal,,,,not_verified,non_déterminé,Catalogue de référencement — prix à relever/vérifier,,catalog_candidate,Produit/famille à confirmer dans le catalogue fournisseur ou point de vente avant publication du prix.
187,JP-00187,Soda cola,Boissons non alcoolisées,Coca-Cola,33cl,Sénégal,,,,not_verified,non_déterminé,Catalogue de référencement — prix à relever/vérifier,,catalog_candidate,Produit/famille à confirmer dans le catalogue fournisseur ou point de vente avant publication du prix.
188,JP-00188,Soda orange,Boissons non alcoolisées,Fanta,33cl,Sénégal,,,,not_verified,non_déterminé,Catalogue de référencement — prix à relever/vérifier,,catalog_candidate,Produit/famille à confirmer dans le catalogue fournisseur ou point de vente avant publication du prix.
189,JP-00189,Soda citron-citron vert,Boissons non alcoolisées,Sprite,33cl,Sénégal,,,,not_verified,non_déterminé,Catalogue de référencement — prix à relever/vérifier,,catalog_candidate,Produit/famille à confirmer dans le catalogue fournisseur ou point de vente avant publication du prix.
190,JP-00190,Schweppes agrumes,Boissons non alcoolisées,Schweppes,25cl,Sénégal,,,,not_verified,non_déterminé,Catalogue de référencement — prix à relever/vérifier,,catalog_candidate,Produit/famille à confirmer dans le catalogue fournisseur ou point de vente avant publication du prix.
191,JP-00191,Vimto,Boissons non alcoolisées,Vimto,33cl,Sénégal,,,,not_verified,non_déterminé,Catalogue de référencement — prix à relever/vérifier,,catalog_candidate,Produit/famille à confirmer dans le catalogue fournisseur ou point de vente avant publication du prix.
192,JP-00192,Boisson fruitée,Boissons non alcoolisées,Presséa,25cl,Sénégal,,,,not_verified,non_déterminé,Catalogue de référencement — prix à relever/vérifier,,catalog_candidate,Produit/famille à confirmer dans le catalogue fournisseur ou point de vente avant publication du prix.
193,JP-00193,Boisson énergisante,Boissons non alcoolisées,Campa,250ml,Sénégal,,,,not_verified,non_déterminé,Catalogue de référencement — prix à relever/vérifier,,catalog_candidate,Produit/famille à confirmer dans le catalogue fournisseur ou point de vente avant publication du prix.
194,JP-00194,Boisson énergisante,Boissons non alcoolisées,Red Bull,250ml,Sénégal,,,,not_verified,non_déterminé,Catalogue de référencement — prix à relever/vérifier,,catalog_candidate,Produit/famille à confirmer dans le catalogue fournisseur ou point de vente avant publication du prix.
195,JP-00195,Thé glacé,Boissons non alcoolisées,,"1,5L",Sénégal,,,,not_verified,non_déterminé,Catalogue de référencement — prix à relever/vérifier,,catalog_candidate,Produit/famille à confirmer dans le catalogue fournisseur ou point de vente avant publication du prix.
196,JP-00196,Café soluble,"Café, thé & infusions",Nescafe,100g,Sénégal,,,,not_verified,non_déterminé,Catalogue de référencement — prix à relever/vérifier,,catalog_candidate,Produit/famille à confirmer dans le catalogue fournisseur ou point de vente avant publication du prix.
197,JP-00197,Café soluble,"Café, thé & infusions",Nescafe,200g,Sénégal,,,,not_verified,non_déterminé,Catalogue de référencement — prix à relever/vérifier,,catalog_candidate,Produit/famille à confirmer dans le catalogue fournisseur ou point de vente avant publication du prix.
198,JP-00198,Café moulu,"Café, thé & infusions",Lavazza,250g,Sénégal,,,,not_verified,non_déterminé,Catalogue de référencement — prix à relever/vérifier,,catalog_candidate,Produit/famille à confirmer dans le catalogue fournisseur ou point de vente avant publication du prix.
199,JP-00199,Café moulu,"Café, thé & infusions",Segafredo Zanetti,250g,Sénégal,,,,not_verified,non_déterminé,Catalogue de référencement — prix à relever/vérifier,,catalog_candidate,Produit/famille à confirmer dans le catalogue fournisseur ou point de vente avant publication du prix.
200,JP-00200,Capsules café,"Café, thé & infusions",Nescafe Dolce Gusto,x10,Sénégal,,,,not_verified,non_déterminé,Catalogue de référencement — prix à relever/vérifier,,catalog_candidate,Produit/famille à confirmer dans le catalogue fournisseur ou point de vente avant publication du prix.
201,JP-00201,Capsules café,"Café, thé & infusions",Tassimo,x10,Sénégal,,,,not_verified,non_déterminé,Catalogue de référencement — prix à relever/vérifier,,catalog_candidate,Produit/famille à confirmer dans le catalogue fournisseur ou point de vente avant publication du prix.
202,JP-00202,Thé vert,"Café, thé & infusions",La Tisaniere,x25 sachets,Sénégal,,,,not_verified,non_déterminé,Catalogue de référencement — prix à relever/vérifier,,catalog_candidate,Produit/famille à confirmer dans le catalogue fournisseur ou point de vente avant publication du prix.
203,JP-00203,Thé noir,"Café, thé & infusions",La Tisaniere,x25 sachets,Sénégal,,,,not_verified,non_déterminé,Catalogue de référencement — prix à relever/vérifier,,catalog_candidate,Produit/famille à confirmer dans le catalogue fournisseur ou point de vente avant publication du prix.
204,JP-00204,Infusion menthe,"Café, thé & infusions",La Tisaniere,x20,Sénégal,,,,not_verified,non_déterminé,Catalogue de référencement — prix à relever/vérifier,,catalog_candidate,Produit/famille à confirmer dans le catalogue fournisseur ou point de vente avant publication du prix.
205,JP-00205,Chicorée,"Café, thé & infusions",,200g,Sénégal,,,,not_verified,non_déterminé,Catalogue de référencement — prix à relever/vérifier,,catalog_candidate,Produit/famille à confirmer dans le catalogue fournisseur ou point de vente avant publication du prix.
206,JP-00206,Chocolat chaud,"Café, thé & infusions",,400g,Sénégal,,,,not_verified,non_déterminé,Catalogue de référencement — prix à relever/vérifier,,catalog_candidate,Produit/famille à confirmer dans le catalogue fournisseur ou point de vente avant publication du prix.
207,JP-00207,Oignon local,Fruits & légumes,Sans marque,kg,Sénégal,,,,not_verified,non_déterminé,Catalogue de référencement — prix à relever/vérifier,,catalog_candidate,Produit/famille à confirmer dans le catalogue fournisseur ou point de vente avant publication du prix.
208,JP-00208,Pomme de terre,Fruits & légumes,Sans marque,kg,Sénégal,,,,not_verified,non_déterminé,Catalogue de référencement — prix à relever/vérifier,,catalog_candidate,Produit/famille à confirmer dans le catalogue fournisseur ou point de vente avant publication du prix.
209,JP-00209,Tomate ronde,Fruits & légumes,Sans marque,kg,Sénégal,,,,not_verified,non_déterminé,Catalogue de référencement — prix à relever/vérifier,,catalog_candidate,Produit/famille à confirmer dans le catalogue fournisseur ou point de vente avant publication du prix.
210,JP-00210,Carotte,Fruits & légumes,Sans marque,kg,Sénégal,,,,not_verified,non_déterminé,Catalogue de référencement — prix à relever/vérifier,,catalog_candidate,Produit/famille à confirmer dans le catalogue fournisseur ou point de vente avant publication du prix.
211,JP-00211,Concombre,Fruits & légumes,Sans marque,kg,Sénégal,,,,not_verified,non_déterminé,Catalogue de référencement — prix à relever/vérifier,,catalog_candidate,Produit/famille à confirmer dans le catalogue fournisseur ou point de vente avant publication du prix.
212,JP-00212,Poivron,Fruits & légumes,Sans marque,kg,Sénégal,,,,not_verified,non_déterminé,Catalogue de référencement — prix à relever/vérifier,,catalog_candidate,Produit/famille à confirmer dans le catalogue fournisseur ou point de vente avant publication du prix.
213,JP-00213,Aubergine locale,Fruits & légumes,Sans marque,kg,Sénégal,,,,not_verified,non_déterminé,Catalogue de référencement — prix à relever/vérifier,,catalog_candidate,Produit/famille à confirmer dans le catalogue fournisseur ou point de vente avant publication du prix.
214,JP-00214,Aubergine violette,Fruits & légumes,Sans marque,kg,Sénégal,,,,not_verified,non_déterminé,Catalogue de référencement — prix à relever/vérifier,,catalog_candidate,Produit/famille à confirmer dans le catalogue fournisseur ou point de vente avant publication du prix.
215,JP-00215,Haricot vert,Fruits & légumes,Sans marque,kg,Sénégal,,,,not_verified,non_déterminé,Catalogue de référencement — prix à relever/vérifier,,catalog_candidate,Produit/famille à confirmer dans le catalogue fournisseur ou point de vente avant publication du prix.
216,JP-00216,Gombo,Fruits & légumes,Sans marque,kg,Sénégal,,,,not_verified,non_déterminé,Catalogue de référencement — prix à relever/vérifier,,catalog_candidate,Produit/famille à confirmer dans le catalogue fournisseur ou point de vente avant publication du prix.
217,JP-00217,Patate douce,Fruits & légumes,Sans marque,kg,Sénégal,,,,not_verified,non_déterminé,Catalogue de référencement — prix à relever/vérifier,,catalog_candidate,Produit/famille à confirmer dans le catalogue fournisseur ou point de vente avant publication du prix.
218,JP-00218,Manioc,Fruits & légumes,Sans marque,kg,Sénégal,,,,not_verified,non_déterminé,Catalogue de référencement — prix à relever/vérifier,,catalog_candidate,Produit/famille à confirmer dans le catalogue fournisseur ou point de vente avant publication du prix.
219,JP-00219,Banane,Fruits & légumes,Sans marque,kg,Sénégal,,,,not_verified,non_déterminé,Catalogue de référencement — prix à relever/vérifier,,catalog_candidate,Produit/famille à confirmer dans le catalogue fournisseur ou point de vente avant publication du prix.
220,JP-00220,Banane plantain,Fruits & légumes,Sans marque,kg,Sénégal,,,,not_verified,non_déterminé,Catalogue de référencement — prix à relever/vérifier,,catalog_candidate,Produit/famille à confirmer dans le catalogue fournisseur ou point de vente avant publication du prix.
221,JP-00221,Orange,Fruits & légumes,Sans marque,kg,Sénégal,,,,not_verified,non_déterminé,Catalogue de référencement — prix à relever/vérifier,,catalog_candidate,Produit/famille à confirmer dans le catalogue fournisseur ou point de vente avant publication du prix.
222,JP-00222,Mandarine,Fruits & légumes,Sans marque,kg,Sénégal,,,,not_verified,non_déterminé,Catalogue de référencement — prix à relever/vérifier,,catalog_candidate,Produit/famille à confirmer dans le catalogue fournisseur ou point de vente avant publication du prix.
223,JP-00223,Citron,Fruits & légumes,Sans marque,kg,Sénégal,,,,not_verified,non_déterminé,Catalogue de référencement — prix à relever/vérifier,,catalog_candidate,Produit/famille à confirmer dans le catalogue fournisseur ou point de vente avant publication du prix.
224,JP-00224,Papaye,Fruits & légumes,Sans marque,kg,Sénégal,,,,not_verified,non_déterminé,Catalogue de référencement — prix à relever/vérifier,,catalog_candidate,Produit/famille à confirmer dans le catalogue fournisseur ou point de vente avant publication du prix.
225,JP-00225,Pastèque,Fruits & légumes,Sans marque,kg,Sénégal,,,,not_verified,non_déterminé,Catalogue de référencement — prix à relever/vérifier,,catalog_candidate,Produit/famille à confirmer dans le catalogue fournisseur ou point de vente avant publication du prix.
226,JP-00226,Mangue,Fruits & légumes,Sans marque,kg,Sénégal,,,,not_verified,non_déterminé,Catalogue de référencement — prix à relever/vérifier,,catalog_candidate,Produit/famille à confirmer dans le catalogue fournisseur ou point de vente avant publication du prix.
227,JP-00227,Ananas,Fruits & légumes,Sans marque,kg,Sénégal,,,,not_verified,non_déterminé,Catalogue de référencement — prix à relever/vérifier,,catalog_candidate,Produit/famille à confirmer dans le catalogue fournisseur ou point de vente avant publication du prix.
228,JP-00228,Avocat,Fruits & légumes,Sans marque,kg,Sénégal,,,,not_verified,non_déterminé,Catalogue de référencement — prix à relever/vérifier,,catalog_candidate,Produit/famille à confirmer dans le catalogue fournisseur ou point de vente avant publication du prix.
229,JP-00229,Pomme,Fruits & légumes,Sans marque,kg,Sénégal,,,,not_verified,non_déterminé,Catalogue de référencement — prix à relever/vérifier,,catalog_candidate,Produit/famille à confirmer dans le catalogue fournisseur ou point de vente avant publication du prix.
230,JP-00230,Poire,Fruits & légumes,Sans marque,kg,Sénégal,,,,not_verified,non_déterminé,Catalogue de référencement — prix à relever/vérifier,,catalog_candidate,Produit/famille à confirmer dans le catalogue fournisseur ou point de vente avant publication du prix.
231,JP-00231,Bœuf avec os,Viandes & volailles,Sans marque,kg,Sénégal,,,,not_verified,non_déterminé,Catalogue de référencement — prix à relever/vérifier,,catalog_candidate,Produit/famille à confirmer dans le catalogue fournisseur ou point de vente avant publication du prix.
232,JP-00232,Bœuf sans os,Viandes & volailles,Sans marque,kg,Sénégal,,,,not_verified,non_déterminé,Catalogue de référencement — prix à relever/vérifier,,catalog_candidate,Produit/famille à confirmer dans le catalogue fournisseur ou point de vente avant publication du prix.
233,JP-00233,Bœuf haché,Viandes & volailles,Sans marque,kg,Sénégal,,,,not_verified,non_déterminé,Catalogue de référencement — prix à relever/vérifier,,catalog_candidate,Produit/famille à confirmer dans le catalogue fournisseur ou point de vente avant publication du prix.
234,JP-00234,Mouton avec os,Viandes & volailles,Sans marque,kg,Sénégal,,,,not_verified,non_déterminé,Catalogue de référencement — prix à relever/vérifier,,catalog_candidate,Produit/famille à confirmer dans le catalogue fournisseur ou point de vente avant publication du prix.
235,JP-00235,Mouton sans os,Viandes & volailles,Sans marque,kg,Sénégal,,,,not_verified,non_déterminé,Catalogue de référencement — prix à relever/vérifier,,catalog_candidate,Produit/famille à confirmer dans le catalogue fournisseur ou point de vente avant publication du prix.
236,JP-00236,Chèvre,Viandes & volailles,Sans marque,kg,Sénégal,,,,not_verified,non_déterminé,Catalogue de référencement — prix à relever/vérifier,,catalog_candidate,Produit/famille à confirmer dans le catalogue fournisseur ou point de vente avant publication du prix.
237,JP-00237,Poulet entier,Viandes & volailles,Sans marque,kg,Sénégal,,,,not_verified,non_déterminé,Catalogue de référencement — prix à relever/vérifier,,catalog_candidate,Produit/famille à confirmer dans le catalogue fournisseur ou point de vente avant publication du prix.
238,JP-00238,Cuisses de poulet,Viandes & volailles,Sans marque,kg,Sénégal,,,,not_verified,non_déterminé,Catalogue de référencement — prix à relever/vérifier,,catalog_candidate,Produit/famille à confirmer dans le catalogue fournisseur ou point de vente avant publication du prix.
239,JP-00239,Ailes de poulet,Viandes & volailles,Sans marque,kg,Sénégal,,,,not_verified,non_déterminé,Catalogue de référencement — prix à relever/vérifier,,catalog_candidate,Produit/famille à confirmer dans le catalogue fournisseur ou point de vente avant publication du prix.
240,JP-00240,Poulet local,Viandes & volailles,Sans marque,kg,Sénégal,,,,not_verified,non_déterminé,Catalogue de référencement — prix à relever/vérifier,,catalog_candidate,Produit/famille à confirmer dans le catalogue fournisseur ou point de vente avant publication du prix.
241,JP-00241,Abats de bœuf,Viandes & volailles,Sans marque,kg,Sénégal,,,,not_verified,non_déterminé,Catalogue de référencement — prix à relever/vérifier,,catalog_candidate,Produit/famille à confirmer dans le catalogue fournisseur ou point de vente avant publication du prix.
242,JP-00242,Foie de bœuf,Viandes & volailles,Sans marque,kg,Sénégal,,,,not_verified,non_déterminé,Catalogue de référencement — prix à relever/vérifier,,catalog_candidate,Produit/famille à confirmer dans le catalogue fournisseur ou point de vente avant publication du prix.
243,JP-00243,Sardinelle fraîche,Poissons & produits de la mer,Sans marque,kg,Sénégal,,,,not_verified,non_déterminé,Catalogue de référencement — prix à relever/vérifier,,catalog_candidate,Produit/famille à confirmer dans le catalogue fournisseur ou point de vente avant publication du prix.
244,JP-00244,Sardinelle fumée,Poissons & produits de la mer,Sans marque,kg,Sénégal,,,,not_verified,non_déterminé,Catalogue de référencement — prix à relever/vérifier,,catalog_candidate,Produit/famille à confirmer dans le catalogue fournisseur ou point de vente avant publication du prix.
245,JP-00245,Sardinelle séchée,Poissons & produits de la mer,Sans marque,kg,Sénégal,,,,not_verified,non_déterminé,Catalogue de référencement — prix à relever/vérifier,,catalog_candidate,Produit/famille à confirmer dans le catalogue fournisseur ou point de vente avant publication du prix.
246,JP-00246,Capitaine frais,Poissons & produits de la mer,Sans marque,kg,Sénégal,,,,not_verified,non_déterminé,Catalogue de référencement — prix à relever/vérifier,,catalog_candidate,Produit/famille à confirmer dans le catalogue fournisseur ou point de vente avant publication du prix.
247,JP-00247,Capitaine séché salé,Poissons & produits de la mer,Sans marque,kg,Sénégal,,,,not_verified,non_déterminé,Catalogue de référencement — prix à relever/vérifier,,catalog_candidate,Produit/famille à confirmer dans le catalogue fournisseur ou point de vente avant publication du prix.
248,JP-00248,Thiof frais,Poissons & produits de la mer,Sans marque,kg,Sénégal,,,,not_verified,non_déterminé,Catalogue de référencement — prix à relever/vérifier,,catalog_candidate,Produit/famille à confirmer dans le catalogue fournisseur ou point de vente avant publication du prix.
249,JP-00249,Maquereau frais,Poissons & produits de la mer,Sans marque,kg,Sénégal,,,,not_verified,non_déterminé,Catalogue de référencement — prix à relever/vérifier,,catalog_candidate,Produit/famille à confirmer dans le catalogue fournisseur ou point de vente avant publication du prix.
250,JP-00250,Tilapia frais,Poissons & produits de la mer,Sans marque,kg,Sénégal,,,,not_verified,non_déterminé,Catalogue de référencement — prix à relever/vérifier,,catalog_candidate,Produit/famille à confirmer dans le catalogue fournisseur ou point de vente avant publication du prix.
251,JP-00251,Crevettes,Poissons & produits de la mer,Sans marque,kg,Sénégal,,,,not_verified,non_déterminé,Catalogue de référencement — prix à relever/vérifier,,catalog_candidate,Produit/famille à confirmer dans le catalogue fournisseur ou point de vente avant publication du prix.
252,JP-00252,Poisson séché,Poissons & produits de la mer,Sans marque,kg,Sénégal,,,,not_verified,non_déterminé,Catalogue de référencement — prix à relever/vérifier,,catalog_candidate,Produit/famille à confirmer dans le catalogue fournisseur ou point de vente avant publication du prix.
253,JP-00253,Guedj,Poissons & produits de la mer,Sans marque,kg,Sénégal,,,,not_verified,non_déterminé,Catalogue de référencement — prix à relever/vérifier,,catalog_candidate,Produit/famille à confirmer dans le catalogue fournisseur ou point de vente avant publication du prix.
254,JP-00254,Yet,Poissons & produits de la mer,Sans marque,kg,Sénégal,,,,not_verified,non_déterminé,Catalogue de référencement — prix à relever/vérifier,,catalog_candidate,Produit/famille à confirmer dans le catalogue fournisseur ou point de vente avant publication du prix.
255,JP-00255,Œufs de poule,Œufs & produits avicoles,Sans marque,unité,Sénégal,,,,not_verified,non_déterminé,Catalogue de référencement — prix à relever/vérifier,,catalog_candidate,Produit/famille à confirmer dans le catalogue fournisseur ou point de vente avant publication du prix.
256,JP-00256,Œufs de poule,Œufs & produits avicoles,Sans marque,plateau_30,Sénégal,,,,not_verified,non_déterminé,Catalogue de référencement — prix à relever/vérifier,,catalog_candidate,Produit/famille à confirmer dans le catalogue fournisseur ou point de vente avant publication du prix.
257,JP-00257,Œufs,Œufs & produits avicoles,Sans marque,boîte_6,Sénégal,,,,not_verified,non_déterminé,Catalogue de référencement — prix à relever/vérifier,,catalog_candidate,Produit/famille à confirmer dans le catalogue fournisseur ou point de vente avant publication du prix.
258,JP-00258,Œufs,Œufs & produits avicoles,Sans marque,boîte_12,Sénégal,,,,not_verified,non_déterminé,Catalogue de référencement — prix à relever/vérifier,,catalog_candidate,Produit/famille à confirmer dans le catalogue fournisseur ou point de vente avant publication du prix.
259,JP-00259,Arraw de mil,Aliments locaux transformés,Sans marque,1kg,Sénégal,,,,not_verified,non_déterminé,Catalogue de référencement — prix à relever/vérifier,,catalog_candidate,Produit/famille à confirmer dans le catalogue fournisseur ou point de vente avant publication du prix.
260,JP-00260,Thiéré de mil,Aliments locaux transformés,Sans marque,1kg,Sénégal,,,,not_verified,non_déterminé,Catalogue de référencement — prix à relever/vérifier,,catalog_candidate,Produit/famille à confirmer dans le catalogue fournisseur ou point de vente avant publication du prix.
261,JP-00261,Thiakry,Aliments locaux transformés,Sans marque,1kg,Sénégal,,,,not_verified,non_déterminé,Catalogue de référencement — prix à relever/vérifier,,catalog_candidate,Produit/famille à confirmer dans le catalogue fournisseur ou point de vente avant publication du prix.
262,JP-00262,Fonio précuit,Aliments locaux transformés,Sans marque,500g,Sénégal,,,,not_verified,non_déterminé,Catalogue de référencement — prix à relever/vérifier,,catalog_candidate,Produit/famille à confirmer dans le catalogue fournisseur ou point de vente avant publication du prix.
263,JP-00263,Farine de niébé,Aliments locaux transformés,Sans marque,1kg,Sénégal,,,,not_verified,non_déterminé,Catalogue de référencement — prix à relever/vérifier,,catalog_candidate,Produit/famille à confirmer dans le catalogue fournisseur ou point de vente avant publication du prix.
264,JP-00264,Haricot niébé,Aliments locaux transformés,Sans marque,kg,Sénégal,,,,not_verified,non_déterminé,Catalogue de référencement — prix à relever/vérifier,,catalog_candidate,Produit/famille à confirmer dans le catalogue fournisseur ou point de vente avant publication du prix.
265,JP-00265,Arachide décortiquée,Aliments locaux transformés,Sans marque,kg,Sénégal,,,,not_verified,non_déterminé,Catalogue de référencement — prix à relever/vérifier,,catalog_candidate,Produit/famille à confirmer dans le catalogue fournisseur ou point de vente avant publication du prix.
266,JP-00266,Arachide grillée,Aliments locaux transformés,Sans marque,500g,Sénégal,,,,not_verified,non_déterminé,Catalogue de référencement — prix à relever/vérifier,,catalog_candidate,Produit/famille à confirmer dans le catalogue fournisseur ou point de vente avant publication du prix.
267,JP-00267,Poudre de baobab,Aliments locaux transformés,Sans marque,250g,Sénégal,,,,not_verified,non_déterminé,Catalogue de référencement — prix à relever/vérifier,,catalog_candidate,Produit/famille à confirmer dans le catalogue fournisseur ou point de vente avant publication du prix.
268,JP-00268,Bouye,Aliments locaux transformés,Sans marque,250g,Sénégal,,,,not_verified,non_déterminé,Catalogue de référencement — prix à relever/vérifier,,catalog_candidate,Produit/famille à confirmer dans le catalogue fournisseur ou point de vente avant publication du prix.
269,JP-00269,Bissap séché,Aliments locaux transformés,Sans marque,250g,Sénégal,,,,not_verified,non_déterminé,Catalogue de référencement — prix à relever/vérifier,,catalog_candidate,Produit/famille à confirmer dans le catalogue fournisseur ou point de vente avant publication du prix.
270,JP-00270,Feuilles de bissap,Aliments locaux transformés,Sans marque,250g,Sénégal,,,,not_verified,non_déterminé,Catalogue de référencement — prix à relever/vérifier,,catalog_candidate,Produit/famille à confirmer dans le catalogue fournisseur ou point de vente avant publication du prix.
271,JP-00271,Mafé arachide,Aliments locaux transformés,Sans marque,500g,Sénégal,,,,not_verified,non_déterminé,Catalogue de référencement — prix à relever/vérifier,,catalog_candidate,Produit/famille à confirmer dans le catalogue fournisseur ou point de vente avant publication du prix.
272,JP-00272,Poudre de nététou,Aliments locaux transformés,Sans marque,250g,Sénégal,,,,not_verified,non_déterminé,Catalogue de référencement — prix à relever/vérifier,,catalog_candidate,Produit/famille à confirmer dans le catalogue fournisseur ou point de vente avant publication du prix.
273,JP-00273,Essence vanille,Produits pour pâtisserie,Foster Clark's,28ml,Sénégal,,,,not_verified,non_déterminé,Catalogue de référencement — prix à relever/vérifier,,catalog_candidate,Produit/famille à confirmer dans le catalogue fournisseur ou point de vente avant publication du prix.
274,JP-00274,Essence banane,Produits pour pâtisserie,Foster Clark's,28ml,Sénégal,,,,not_verified,non_déterminé,Catalogue de référencement — prix à relever/vérifier,,catalog_candidate,Produit/famille à confirmer dans le catalogue fournisseur ou point de vente avant publication du prix.
275,JP-00275,Essence fraise,Produits pour pâtisserie,Foster Clark's,28ml,Sénégal,,,,not_verified,non_déterminé,Catalogue de référencement — prix à relever/vérifier,,catalog_candidate,Produit/famille à confirmer dans le catalogue fournisseur ou point de vente avant publication du prix.
276,JP-00276,Levure chimique,Produits pour pâtisserie,,100g,Sénégal,,,,not_verified,non_déterminé,Catalogue de référencement — prix à relever/vérifier,,catalog_candidate,Produit/famille à confirmer dans le catalogue fournisseur ou point de vente avant publication du prix.
277,JP-00277,Bicarbonate alimentaire,Produits pour pâtisserie,,100g,Sénégal,,,,not_verified,non_déterminé,Catalogue de référencement — prix à relever/vérifier,,catalog_candidate,Produit/famille à confirmer dans le catalogue fournisseur ou point de vente avant publication du prix.
278,JP-00278,Cacao en poudre,Produits pour pâtisserie,,200g,Sénégal,,,,not_verified,non_déterminé,Catalogue de référencement — prix à relever/vérifier,,catalog_candidate,Produit/famille à confirmer dans le catalogue fournisseur ou point de vente avant publication du prix.
279,JP-00279,Noix de coco râpée,Produits pour pâtisserie,,200g,Sénégal,,,,not_verified,non_déterminé,Catalogue de référencement — prix à relever/vérifier,,catalog_candidate,Produit/famille à confirmer dans le catalogue fournisseur ou point de vente avant publication du prix.
280,JP-00280,Colorant alimentaire,Produits pour pâtisserie,,10ml,Sénégal,,,,not_verified,non_déterminé,Catalogue de référencement — prix à relever/vérifier,,catalog_candidate,Produit/famille à confirmer dans le catalogue fournisseur ou point de vente avant publication du prix.
281,JP-00281,Pépites de chocolat,Produits pour pâtisserie,,100g,Sénégal,,,,not_verified,non_déterminé,Catalogue de référencement — prix à relever/vérifier,,catalog_candidate,Produit/famille à confirmer dans le catalogue fournisseur ou point de vente avant publication du prix.
282,JP-00282,Gelée pâtissière,Produits pour pâtisserie,,250g,Sénégal,,,,not_verified,non_déterminé,Catalogue de référencement — prix à relever/vérifier,,catalog_candidate,Produit/famille à confirmer dans le catalogue fournisseur ou point de vente avant publication du prix.
283,JP-00283,Frites surgelées,Produits glacés & surgelés,,1kg,Sénégal,,,,not_verified,non_déterminé,Catalogue de référencement — prix à relever/vérifier,,catalog_candidate,Produit/famille à confirmer dans le catalogue fournisseur ou point de vente avant publication du prix.
284,JP-00284,Petits pois surgelés,Produits glacés & surgelés,,1kg,Sénégal,,,,not_verified,non_déterminé,Catalogue de référencement — prix à relever/vérifier,,catalog_candidate,Produit/famille à confirmer dans le catalogue fournisseur ou point de vente avant publication du prix.
285,JP-00285,Haricots verts surgelés,Produits glacés & surgelés,,1kg,Sénégal,,,,not_verified,non_déterminé,Catalogue de référencement — prix à relever/vérifier,,catalog_candidate,Produit/famille à confirmer dans le catalogue fournisseur ou point de vente avant publication du prix.
286,JP-00286,Poisson surgelé,Produits glacés & surgelés,,1kg,Sénégal,,,,not_verified,non_déterminé,Catalogue de référencement — prix à relever/vérifier,,catalog_candidate,Produit/famille à confirmer dans le catalogue fournisseur ou point de vente avant publication du prix.
287,JP-00287,Poulet surgelé,Produits glacés & surgelés,,1kg,Sénégal,,,,not_verified,non_déterminé,Catalogue de référencement — prix à relever/vérifier,,catalog_candidate,Produit/famille à confirmer dans le catalogue fournisseur ou point de vente avant publication du prix.
288,JP-00288,Crevettes surgelées,Produits glacés & surgelés,,500g,Sénégal,,,,not_verified,non_déterminé,Catalogue de référencement — prix à relever/vérifier,,catalog_candidate,Produit/famille à confirmer dans le catalogue fournisseur ou point de vente avant publication du prix.
289,JP-00289,Pizza surgelée,Produits glacés & surgelés,,350g,Sénégal,,,,not_verified,non_déterminé,Catalogue de référencement — prix à relever/vérifier,,catalog_candidate,Produit/famille à confirmer dans le catalogue fournisseur ou point de vente avant publication du prix.
290,JP-00290,Glace vanille,Produits glacés & surgelés,,1L,Sénégal,,,,not_verified,non_déterminé,Catalogue de référencement — prix à relever/vérifier,,catalog_candidate,Produit/famille à confirmer dans le catalogue fournisseur ou point de vente avant publication du prix.
291,JP-00291,Glace chocolat,Produits glacés & surgelés,,1L,Sénégal,,,,not_verified,non_déterminé,Catalogue de référencement — prix à relever/vérifier,,catalog_candidate,Produit/famille à confirmer dans le catalogue fournisseur ou point de vente avant publication du prix.
292,JP-00292,Glace fraise,Produits glacés & surgelés,,1L,Sénégal,,,,not_verified,non_déterminé,Catalogue de référencement — prix à relever/vérifier,,catalog_candidate,Produit/famille à confirmer dans le catalogue fournisseur ou point de vente avant publication du prix.
293,JP-00293,Céréales infantiles,Produits infantiles & nutrition,,400g,Sénégal,,,,not_verified,non_déterminé,Catalogue de référencement — prix à relever/vérifier,,catalog_candidate,Produit/famille à confirmer dans le catalogue fournisseur ou point de vente avant publication du prix.
294,JP-00294,Lait infantile,Produits infantiles & nutrition,,400g,Sénégal,,,,not_verified,non_déterminé,Catalogue de référencement — prix à relever/vérifier,,catalog_candidate,Produit/famille à confirmer dans le catalogue fournisseur ou point de vente avant publication du prix.
295,JP-00295,Compote bébé,Produits infantiles & nutrition,,4x100g,Sénégal,,,,not_verified,non_déterminé,Catalogue de référencement — prix à relever/vérifier,,catalog_candidate,Produit/famille à confirmer dans le catalogue fournisseur ou point de vente avant publication du prix.
296,JP-00296,Purée bébé,Produits infantiles & nutrition,,2x200g,Sénégal,,,,not_verified,non_déterminé,Catalogue de référencement — prix à relever/vérifier,,catalog_candidate,Produit/famille à confirmer dans le catalogue fournisseur ou point de vente avant publication du prix.
297,JP-00297,Biscuit bébé,Produits infantiles & nutrition,,150g,Sénégal,,,,not_verified,non_déterminé,Catalogue de référencement — prix à relever/vérifier,,catalog_candidate,Produit/famille à confirmer dans le catalogue fournisseur ou point de vente avant publication du prix.
298,JP-00298,Riz brisé ordinaire,Céréales & féculents,Sans marque,125g,Sénégal,,,,not_verified,non_déterminé,Catalogue de référencement — prix à relever/vérifier,,catalog_candidate,Produit/famille à confirmer dans le catalogue fournisseur ou point de vente avant publication du prix.
299,JP-00299,Riz brisé ordinaire,Céréales & féculents,Sans marque,160g,Sénégal,,,,not_verified,non_déterminé,Catalogue de référencement — prix à relever/vérifier,,catalog_candidate,Produit/famille à confirmer dans le catalogue fournisseur ou point de vente avant publication du prix.
300,JP-00300,Riz brisé ordinaire,Céréales & féculents,Sans marque,200g,Sénégal,,,,not_verified,non_déterminé,Catalogue de référencement — prix à relever/vérifier,,catalog_candidate,Produit/famille à confirmer dans le catalogue fournisseur ou point de vente avant publication du prix.
301,JP-00301,Riz brisé ordinaire,Céréales & féculents,Sans marque,250g,Sénégal,,,,not_verified,non_déterminé,Catalogue de référencement — prix à relever/vérifier,,catalog_candidate,Produit/famille à confirmer dans le catalogue fournisseur ou point de vente avant publication du prix.
302,JP-00302,Riz brisé ordinaire,Céréales & féculents,Sans marque,400g,Sénégal,,,,not_verified,non_déterminé,Catalogue de référencement — prix à relever/vérifier,,catalog_candidate,Produit/famille à confirmer dans le catalogue fournisseur ou point de vente avant publication du prix.
303,JP-00303,Riz brisé ordinaire,Céréales & féculents,Sans marque,500g,Sénégal,,,,not_verified,non_déterminé,Catalogue de référencement — prix à relever/vérifier,,catalog_candidate,Produit/famille à confirmer dans le catalogue fournisseur ou point de vente avant publication du prix.
304,JP-00304,Riz brisé ordinaire,Céréales & féculents,Sans marque,650g,Sénégal,,,,not_verified,non_déterminé,Catalogue de référencement — prix à relever/vérifier,,catalog_candidate,Produit/famille à confirmer dans le catalogue fournisseur ou point de vente avant publication du prix.
305,JP-00305,Riz brisé ordinaire,Céréales & féculents,Sans marque,800g,Sénégal,,,,not_verified,non_déterminé,Catalogue de référencement — prix à relever/vérifier,,catalog_candidate,Produit/famille à confirmer dans le catalogue fournisseur ou point de vente avant publication du prix.
306,JP-00306,Riz brisé ordinaire,Céréales & féculents,Sans marque,1kg,Sénégal,,,,not_verified,non_déterminé,Catalogue de référencement — prix à relever/vérifier,,catalog_candidate,Produit/famille à confirmer dans le catalogue fournisseur ou point de vente avant publication du prix.
307,JP-00307,Riz brisé ordinaire,Céréales & féculents,Sans marque,2kg,Sénégal,,,,not_verified,non_déterminé,Catalogue de référencement — prix à relever/vérifier,,catalog_candidate,Produit/famille à confirmer dans le catalogue fournisseur ou point de vente avant publication du prix.
308,JP-00308,Riz brisé ordinaire,Céréales & féculents,Sans marque,5kg,Sénégal,,,,not_verified,non_déterminé,Catalogue de référencement — prix à relever/vérifier,,catalog_candidate,Produit/famille à confirmer dans le catalogue fournisseur ou point de vente avant publication du prix.
309,JP-00309,Riz brisé ordinaire,Céréales & féculents,Sans marque,10kg,Sénégal,,,,not_verified,non_déterminé,Catalogue de référencement — prix à relever/vérifier,,catalog_candidate,Produit/famille à confirmer dans le catalogue fournisseur ou point de vente avant publication du prix.
310,JP-00310,Riz brisé ordinaire,Céréales & féculents,Sans marque,25kg,Sénégal,,,,not_verified,non_déterminé,Catalogue de référencement — prix à relever/vérifier,,catalog_candidate,Produit/famille à confirmer dans le catalogue fournisseur ou point de vente avant publication du prix.
311,JP-00311,Riz brisé ordinaire,Céréales & féculents,Sans marque,20L,Sénégal,,,,not_verified,non_déterminé,Catalogue de référencement — prix à relever/vérifier,,catalog_candidate,Produit/famille à confirmer dans le catalogue fournisseur ou point de vente avant publication du prix.
312,JP-00312,Riz brisé ordinaire,Céréales & féculents,Sans marque,250ml,Sénégal,,,,not_verified,non_déterminé,Catalogue de référencement — prix à relever/vérifier,,catalog_candidate,Produit/famille à confirmer dans le catalogue fournisseur ou point de vente avant publication du prix.
313,JP-00313,Riz brisé ordinaire,Céréales & féculents,Sans marque,330ml,Sénégal,,,,not_verified,non_déterminé,Catalogue de référencement — prix à relever/vérifier,,catalog_candidate,Produit/famille à confirmer dans le catalogue fournisseur ou point de vente avant publication du prix.
314,JP-00314,Riz brisé ordinaire,Céréales & féculents,Sans marque,500ml,Sénégal,,,,not_verified,non_déterminé,Catalogue de référencement — prix à relever/vérifier,,catalog_candidate,Produit/famille à confirmer dans le catalogue fournisseur ou point de vente avant publication du prix.
315,JP-00315,Riz brisé ordinaire,Céréales & féculents,Sans marque,1L,Sénégal,,,,not_verified,non_déterminé,Catalogue de référencement — prix à relever/vérifier,,catalog_candidate,Produit/famille à confirmer dans le catalogue fournisseur ou point de vente avant publication du prix.
316,JP-00316,Riz brisé ordinaire,Céréales & féculents,Sans marque,"1,5L",Sénégal,,,,not_verified,non_déterminé,Catalogue de référencement — prix à relever/vérifier,,catalog_candidate,Produit/famille à confirmer dans le catalogue fournisseur ou point de vente avant publication du prix.
317,JP-00317,Riz brisé ordinaire,Céréales & féculents,Sans marque,5L,Sénégal,,,,not_verified,non_déterminé,Catalogue de référencement — prix à relever/vérifier,,catalog_candidate,Produit/famille à confirmer dans le catalogue fournisseur ou point de vente avant publication du prix.
318,JP-00318,Riz brisé ordinaire,Céréales & féculents,Karolina,125g,Sénégal,,,,not_verified,non_déterminé,Catalogue de référencement — prix à relever/vérifier,,catalog_candidate,Produit/famille à confirmer dans le catalogue fournisseur ou point de vente avant publication du prix.
319,JP-00319,Riz brisé ordinaire,Céréales & féculents,Karolina,160g,Sénégal,,,,not_verified,non_déterminé,Catalogue de référencement — prix à relever/vérifier,,catalog_candidate,Produit/famille à confirmer dans le catalogue fournisseur ou point de vente avant publication du prix.
320,JP-00320,Riz brisé ordinaire,Céréales & féculents,Karolina,200g,Sénégal,,,,not_verified,non_déterminé,Catalogue de référencement — prix à relever/vérifier,,catalog_candidate,Produit/famille à confirmer dans le catalogue fournisseur ou point de vente avant publication du prix.
321,JP-00321,Riz brisé ordinaire,Céréales & féculents,Karolina,250g,Sénégal,,,,not_verified,non_déterminé,Catalogue de référencement — prix à relever/vérifier,,catalog_candidate,Produit/famille à confirmer dans le catalogue fournisseur ou point de vente avant publication du prix.
322,JP-00322,Riz brisé ordinaire,Céréales & féculents,Karolina,400g,Sénégal,,,,not_verified,non_déterminé,Catalogue de référencement — prix à relever/vérifier,,catalog_candidate,Produit/famille à confirmer dans le catalogue fournisseur ou point de vente avant publication du prix.
323,JP-00323,Riz brisé ordinaire,Céréales & féculents,Karolina,500g,Sénégal,,,,not_verified,non_déterminé,Catalogue de référencement — prix à relever/vérifier,,catalog_candidate,Produit/famille à confirmer dans le catalogue fournisseur ou point de vente avant publication du prix.
324,JP-00324,Riz brisé ordinaire,Céréales & féculents,Karolina,650g,Sénégal,,,,not_verified,non_déterminé,Catalogue de référencement — prix à relever/vérifier,,catalog_candidate,Produit/famille à confirmer dans le catalogue fournisseur ou point de vente avant publication du prix.
325,JP-00325,Riz brisé ordinaire,Céréales & féculents,Karolina,800g,Sénégal,,,,not_verified,non_déterminé,Catalogue de référencement — prix à relever/vérifier,,catalog_candidate,Produit/famille à confirmer dans le catalogue fournisseur ou point de vente avant publication du prix.
326,JP-00326,Riz brisé ordinaire,Céréales & féculents,Karolina,1kg,Sénégal,,,,not_verified,non_déterminé,Catalogue de référencement — prix à relever/vérifier,,catalog_candidate,Produit/famille à confirmer dans le catalogue fournisseur ou point de vente avant publication du prix.
327,JP-00327,Riz brisé ordinaire,Céréales & féculents,Karolina,2kg,Sénégal,,,,not_verified,non_déterminé,Catalogue de référencement — prix à relever/vérifier,,catalog_candidate,Produit/famille à confirmer dans le catalogue fournisseur ou point de vente avant publication du prix.
328,JP-00328,Riz brisé ordinaire,Céréales & féculents,Karolina,5kg,Sénégal,,,,not_verified,non_déterminé,Catalogue de référencement — prix à relever/vérifier,,catalog_candidate,Produit/famille à confirmer dans le catalogue fournisseur ou point de vente avant publication du prix.
329,JP-00329,Riz brisé ordinaire,Céréales & féculents,Karolina,10kg,Sénégal,,,,not_verified,non_déterminé,Catalogue de référencement — prix à relever/vérifier,,catalog_candidate,Produit/famille à confirmer dans le catalogue fournisseur ou point de vente avant publication du prix.
330,JP-00330,Riz brisé ordinaire,Céréales & féculents,Karolina,25kg,Sénégal,,,,not_verified,non_déterminé,Catalogue de référencement — prix à relever/vérifier,,catalog_candidate,Produit/famille à confirmer dans le catalogue fournisseur ou point de vente avant publication du prix.
331,JP-00331,Riz brisé ordinaire,Céréales & féculents,Karolina,20L,Sénégal,,,,not_verified,non_déterminé,Catalogue de référencement — prix à relever/vérifier,,catalog_candidate,Produit/famille à confirmer dans le catalogue fournisseur ou point de vente avant publication du prix.
332,JP-00332,Riz brisé ordinaire,Céréales & féculents,Karolina,250ml,Sénégal,,,,not_verified,non_déterminé,Catalogue de référencement — prix à relever/vérifier,,catalog_candidate,Produit/famille à confirmer dans le catalogue fournisseur ou point de vente avant publication du prix.
333,JP-00333,Riz brisé ordinaire,Céréales & féculents,Karolina,330ml,Sénégal,,,,not_verified,non_déterminé,Catalogue de référencement — prix à relever/vérifier,,catalog_candidate,Produit/famille à confirmer dans le catalogue fournisseur ou point de vente avant publication du prix.
334,JP-00334,Riz brisé ordinaire,Céréales & féculents,Karolina,500ml,Sénégal,,,,not_verified,non_déterminé,Catalogue de référencement — prix à relever/vérifier,,catalog_candidate,Produit/famille à confirmer dans le catalogue fournisseur ou point de vente avant publication du prix.
335,JP-00335,Riz brisé ordinaire,Céréales & féculents,Karolina,1L,Sénégal,,,,not_verified,non_déterminé,Catalogue de référencement — prix à relever/vérifier,,catalog_candidate,Produit/famille à confirmer dans le catalogue fournisseur ou point de vente avant publication du prix.
336,JP-00336,Riz brisé ordinaire,Céréales & féculents,Karolina,"1,5L",Sénégal,,,,not_verified,non_déterminé,Catalogue de référencement — prix à relever/vérifier,,catalog_candidate,Produit/famille à confirmer dans le catalogue fournisseur ou point de vente avant publication du prix.
337,JP-00337,Riz brisé ordinaire,Céréales & féculents,Karolina,5L,Sénégal,,,,not_verified,non_déterminé,Catalogue de référencement — prix à relever/vérifier,,catalog_candidate,Produit/famille à confirmer dans le catalogue fournisseur ou point de vente avant publication du prix.
338,JP-00338,Riz brisé ordinaire,Céréales & féculents,SUNU THIEP,125g,Sénégal,,,,not_verified,non_déterminé,Catalogue de référencement — prix à relever/vérifier,,catalog_candidate,Produit/famille à confirmer dans le catalogue fournisseur ou point de vente avant publication du prix.
339,JP-00339,Riz brisé ordinaire,Céréales & féculents,SUNU THIEP,160g,Sénégal,,,,not_verified,non_déterminé,Catalogue de référencement — prix à relever/vérifier,,catalog_candidate,Produit/famille à confirmer dans le catalogue fournisseur ou point de vente avant publication du prix.
340,JP-00340,Riz brisé ordinaire,Céréales & féculents,SUNU THIEP,200g,Sénégal,,,,not_verified,non_déterminé,Catalogue de référencement — prix à relever/vérifier,,catalog_candidate,Produit/famille à confirmer dans le catalogue fournisseur ou point de vente avant publication du prix.
341,JP-00341,Riz brisé ordinaire,Céréales & féculents,SUNU THIEP,250g,Sénégal,,,,not_verified,non_déterminé,Catalogue de référencement — prix à relever/vérifier,,catalog_candidate,Produit/famille à confirmer dans le catalogue fournisseur ou point de vente avant publication du prix.
342,JP-00342,Riz brisé ordinaire,Céréales & féculents,SUNU THIEP,400g,Sénégal,,,,not_verified,non_déterminé,Catalogue de référencement — prix à relever/vérifier,,catalog_candidate,Produit/famille à confirmer dans le catalogue fournisseur ou point de vente avant publication du prix.
343,JP-00343,Riz brisé ordinaire,Céréales & féculents,SUNU THIEP,500g,Sénégal,,,,not_verified,non_déterminé,Catalogue de référencement — prix à relever/vérifier,,catalog_candidate,Produit/famille à confirmer dans le catalogue fournisseur ou point de vente avant publication du prix.
344,JP-00344,Riz brisé ordinaire,Céréales & féculents,SUNU THIEP,650g,Sénégal,,,,not_verified,non_déterminé,Catalogue de référencement — prix à relever/vérifier,,catalog_candidate,Produit/famille à confirmer dans le catalogue fournisseur ou point de vente avant publication du prix.
345,JP-00345,Riz brisé ordinaire,Céréales & féculents,SUNU THIEP,800g,Sénégal,,,,not_verified,non_déterminé,Catalogue de référencement — prix à relever/vérifier,,catalog_candidate,Produit/famille à confirmer dans le catalogue fournisseur ou point de vente avant publication du prix.
346,JP-00346,Riz brisé ordinaire,Céréales & féculents,SUNU THIEP,1kg,Sénégal,,,,not_verified,non_déterminé,Catalogue de référencement — prix à relever/vérifier,,catalog_candidate,Produit/famille à confirmer dans le catalogue fournisseur ou point de vente avant publication du prix.
347,JP-00347,Riz brisé ordinaire,Céréales & féculents,SUNU THIEP,2kg,Sénégal,,,,not_verified,non_déterminé,Catalogue de référencement — prix à relever/vérifier,,catalog_candidate,Produit/famille à confirmer dans le catalogue fournisseur ou point de vente avant publication du prix.
348,JP-00348,Riz brisé ordinaire,Céréales & féculents,SUNU THIEP,5kg,Sénégal,,,,not_verified,non_déterminé,Catalogue de référencement — prix à relever/vérifier,,catalog_candidate,Produit/famille à confirmer dans le catalogue fournisseur ou point de vente avant publication du prix.
349,JP-00349,Riz brisé ordinaire,Céréales & féculents,SUNU THIEP,10kg,Sénégal,,,,not_verified,non_déterminé,Catalogue de référencement — prix à relever/vérifier,,catalog_candidate,Produit/famille à confirmer dans le catalogue fournisseur ou point de vente avant publication du prix.
350,JP-00350,Riz brisé ordinaire,Céréales & féculents,SUNU THIEP,25kg,Sénégal,,,,not_verified,non_déterminé,Catalogue de référencement — prix à relever/vérifier,,catalog_candidate,Produit/famille à confirmer dans le catalogue fournisseur ou point de vente avant publication du prix.
351,JP-00351,Riz brisé ordinaire,Céréales & féculents,SUNU THIEP,20L,Sénégal,,,,not_verified,non_déterminé,Catalogue de référencement — prix à relever/vérifier,,catalog_candidate,Produit/famille à confirmer dans le catalogue fournisseur ou point de vente avant publication du prix.
352,JP-00352,Riz brisé ordinaire,Céréales & féculents,SUNU THIEP,250ml,Sénégal,,,,not_verified,non_déterminé,Catalogue de référencement — prix à relever/vérifier,,catalog_candidate,Produit/famille à confirmer dans le catalogue fournisseur ou point de vente avant publication du prix.
353,JP-00353,Riz brisé ordinaire,Céréales & féculents,SUNU THIEP,330ml,Sénégal,,,,not_verified,non_déterminé,Catalogue de référencement — prix à relever/vérifier,,catalog_candidate,Produit/famille à confirmer dans le catalogue fournisseur ou point de vente avant publication du prix.
354,JP-00354,Riz brisé ordinaire,Céréales & féculents,SUNU THIEP,500ml,Sénégal,,,,not_verified,non_déterminé,Catalogue de référencement — prix à relever/vérifier,,catalog_candidate,Produit/famille à confirmer dans le catalogue fournisseur ou point de vente avant publication du prix.
355,JP-00355,Riz brisé ordinaire,Céréales & féculents,SUNU THIEP,1L,Sénégal,,,,not_verified,non_déterminé,Catalogue de référencement — prix à relever/vérifier,,catalog_candidate,Produit/famille à confirmer dans le catalogue fournisseur ou point de vente avant publication du prix.
356,JP-00356,Riz brisé ordinaire,Céréales & féculents,SUNU THIEP,"1,5L",Sénégal,,,,not_verified,non_déterminé,Catalogue de référencement — prix à relever/vérifier,,catalog_candidate,Produit/famille à confirmer dans le catalogue fournisseur ou point de vente avant publication du prix.
357,JP-00357,Riz brisé ordinaire,Céréales & féculents,SUNU THIEP,5L,Sénégal,,,,not_verified,non_déterminé,Catalogue de référencement — prix à relever/vérifier,,catalog_candidate,Produit/famille à confirmer dans le catalogue fournisseur ou point de vente avant publication du prix.
358,JP-00358,Riz brisé ordinaire,Céréales & féculents,Thiof,125g,Sénégal,,,,not_verified,non_déterminé,Catalogue de référencement — prix à relever/vérifier,,catalog_candidate,Produit/famille à confirmer dans le catalogue fournisseur ou point de vente avant publication du prix.
359,JP-00359,Riz brisé ordinaire,Céréales & féculents,Thiof,160g,Sénégal,,,,not_verified,non_déterminé,Catalogue de référencement — prix à relever/vérifier,,catalog_candidate,Produit/famille à confirmer dans le catalogue fournisseur ou point de vente avant publication du prix.
360,JP-00360,Riz brisé ordinaire,Céréales & féculents,Thiof,200g,Sénégal,,,,not_verified,non_déterminé,Catalogue de référencement — prix à relever/vérifier,,catalog_candidate,Produit/famille à confirmer dans le catalogue fournisseur ou point de vente avant publication du prix.
361,JP-00361,Riz brisé ordinaire,Céréales & féculents,Thiof,250g,Sénégal,,,,not_verified,non_déterminé,Catalogue de référencement — prix à relever/vérifier,,catalog_candidate,Produit/famille à confirmer dans le catalogue fournisseur ou point de vente avant publication du prix.
362,JP-00362,Riz brisé ordinaire,Céréales & féculents,Thiof,400g,Sénégal,,,,not_verified,non_déterminé,Catalogue de référencement — prix à relever/vérifier,,catalog_candidate,Produit/famille à confirmer dans le catalogue fournisseur ou point de vente avant publication du prix.
363,JP-00363,Riz brisé ordinaire,Céréales & féculents,Thiof,500g,Sénégal,,,,not_verified,non_déterminé,Catalogue de référencement — prix à relever/vérifier,,catalog_candidate,Produit/famille à confirmer dans le catalogue fournisseur ou point de vente avant publication du prix.
364,JP-00364,Riz brisé ordinaire,Céréales & féculents,Thiof,650g,Sénégal,,,,not_verified,non_déterminé,Catalogue de référencement — prix à relever/vérifier,,catalog_candidate,Produit/famille à confirmer dans le catalogue fournisseur ou point de vente avant publication du prix.
365,JP-00365,Riz brisé ordinaire,Céréales & féculents,Thiof,800g,Sénégal,,,,not_verified,non_déterminé,Catalogue de référencement — prix à relever/vérifier,,catalog_candidate,Produit/famille à confirmer dans le catalogue fournisseur ou point de vente avant publication du prix.
366,JP-00366,Riz brisé ordinaire,Céréales & féculents,Thiof,1kg,Sénégal,,,,not_verified,non_déterminé,Catalogue de référencement — prix à relever/vérifier,,catalog_candidate,Produit/famille à confirmer dans le catalogue fournisseur ou point de vente avant publication du prix.
367,JP-00367,Riz brisé ordinaire,Céréales & féculents,Thiof,2kg,Sénégal,,,,not_verified,non_déterminé,Catalogue de référencement — prix à relever/vérifier,,catalog_candidate,Produit/famille à confirmer dans le catalogue fournisseur ou point de vente avant publication du prix.
368,JP-00368,Riz brisé ordinaire,Céréales & féculents,Thiof,5kg,Sénégal,,,,not_verified,non_déterminé,Catalogue de référencement — prix à relever/vérifier,,catalog_candidate,Produit/famille à confirmer dans le catalogue fournisseur ou point de vente avant publication du prix.
369,JP-00369,Riz brisé ordinaire,Céréales & féculents,Thiof,10kg,Sénégal,,,,not_verified,non_déterminé,Catalogue de référencement — prix à relever/vérifier,,catalog_candidate,Produit/famille à confirmer dans le catalogue fournisseur ou point de vente avant publication du prix.
370,JP-00370,Riz brisé ordinaire,Céréales & féculents,Thiof,25kg,Sénégal,,,,not_verified,non_déterminé,Catalogue de référencement — prix à relever/vérifier,,catalog_candidate,Produit/famille à confirmer dans le catalogue fournisseur ou point de vente avant publication du prix.
371,JP-00371,Riz brisé ordinaire,Céréales & féculents,Thiof,20L,Sénégal,,,,not_verified,non_déterminé,Catalogue de référencement — prix à relever/vérifier,,catalog_candidate,Produit/famille à confirmer dans le catalogue fournisseur ou point de vente avant publication du prix.
372,JP-00372,Riz brisé ordinaire,Céréales & féculents,Thiof,250ml,Sénégal,,,,not_verified,non_déterminé,Catalogue de référencement — prix à relever/vérifier,,catalog_candidate,Produit/famille à confirmer dans le catalogue fournisseur ou point de vente avant publication du prix.
373,JP-00373,Riz brisé ordinaire,Céréales & féculents,Thiof,330ml,Sénégal,,,,not_verified,non_déterminé,Catalogue de référencement — prix à relever/vérifier,,catalog_candidate,Produit/famille à confirmer dans le catalogue fournisseur ou point de vente avant publication du prix.
374,JP-00374,Riz brisé ordinaire,Céréales & féculents,Thiof,500ml,Sénégal,,,,not_verified,non_déterminé,Catalogue de référencement — prix à relever/vérifier,,catalog_candidate,Produit/famille à confirmer dans le catalogue fournisseur ou point de vente avant publication du prix.
375,JP-00375,Riz brisé ordinaire,Céréales & féculents,Thiof,1L,Sénégal,,,,not_verified,non_déterminé,Catalogue de référencement — prix à relever/vérifier,,catalog_candidate,Produit/famille à confirmer dans le catalogue fournisseur ou point de vente avant publication du prix.
376,JP-00376,Riz brisé ordinaire,Céréales & féculents,Thiof,"1,5L",Sénégal,,,,not_verified,non_déterminé,Catalogue de référencement — prix à relever/vérifier,,catalog_candidate,Produit/famille à confirmer dans le catalogue fournisseur ou point de vente avant publication du prix.
377,JP-00377,Riz brisé ordinaire,Céréales & féculents,Thiof,5L,Sénégal,,,,not_verified,non_déterminé,Catalogue de référencement — prix à relever/vérifier,,catalog_candidate,Produit/famille à confirmer dans le catalogue fournisseur ou point de vente avant publication du prix.
378,JP-00378,Riz brisé parfumé,Céréales & féculents,Karolina,125g,Sénégal,,,,not_verified,non_déterminé,Catalogue de référencement — prix à relever/vérifier,,catalog_candidate,Produit/famille à confirmer dans le catalogue fournisseur ou point de vente avant publication du prix.
379,JP-00379,Riz brisé parfumé,Céréales & féculents,Karolina,160g,Sénégal,,,,not_verified,non_déterminé,Catalogue de référencement — prix à relever/vérifier,,catalog_candidate,Produit/famille à confirmer dans le catalogue fournisseur ou point de vente avant publication du prix.
380,JP-00380,Riz brisé parfumé,Céréales & féculents,Karolina,200g,Sénégal,,,,not_verified,non_déterminé,Catalogue de référencement — prix à relever/vérifier,,catalog_candidate,Produit/famille à confirmer dans le catalogue fournisseur ou point de vente avant publication du prix.
381,JP-00381,Riz brisé parfumé,Céréales & féculents,Karolina,250g,Sénégal,,,,not_verified,non_déterminé,Catalogue de référencement — prix à relever/vérifier,,catalog_candidate,Produit/famille à confirmer dans le catalogue fournisseur ou point de vente avant publication du prix.
382,JP-00382,Riz brisé parfumé,Céréales & féculents,Karolina,400g,Sénégal,,,,not_verified,non_déterminé,Catalogue de référencement — prix à relever/vérifier,,catalog_candidate,Produit/famille à confirmer dans le catalogue fournisseur ou point de vente avant publication du prix.
383,JP-00383,Riz brisé parfumé,Céréales & féculents,Karolina,500g,Sénégal,,,,not_verified,non_déterminé,Catalogue de référencement — prix à relever/vérifier,,catalog_candidate,Produit/famille à confirmer dans le catalogue fournisseur ou point de vente avant publication du prix.
384,JP-00384,Riz brisé parfumé,Céréales & féculents,Karolina,650g,Sénégal,,,,not_verified,non_déterminé,Catalogue de référencement — prix à relever/vérifier,,catalog_candidate,Produit/famille à confirmer dans le catalogue fournisseur ou point de vente avant publication du prix.
385,JP-00385,Riz brisé parfumé,Céréales & féculents,Karolina,800g,Sénégal,,,,not_verified,non_déterminé,Catalogue de référencement — prix à relever/vérifier,,catalog_candidate,Produit/famille à confirmer dans le catalogue fournisseur ou point de vente avant publication du prix.
386,JP-00386,Riz brisé parfumé,Céréales & féculents,Karolina,1kg,Sénégal,,,,not_verified,non_déterminé,Catalogue de référencement — prix à relever/vérifier,,catalog_candidate,Produit/famille à confirmer dans le catalogue fournisseur ou point de vente avant publication du prix.
387,JP-00387,Riz brisé parfumé,Céréales & féculents,Karolina,2kg,Sénégal,,,,not_verified,non_déterminé,Catalogue de référencement — prix à relever/vérifier,,catalog_candidate,Produit/famille à confirmer dans le catalogue fournisseur ou point de vente avant publication du prix.
388,JP-00388,Riz brisé parfumé,Céréales & féculents,Karolina,5kg,Sénégal,,,,not_verified,non_déterminé,Catalogue de référencement — prix à relever/vérifier,,catalog_candidate,Produit/famille à confirmer dans le catalogue fournisseur ou point de vente avant publication du prix.
389,JP-00389,Riz brisé parfumé,Céréales & féculents,Karolina,10kg,Sénégal,,,,not_verified,non_déterminé,Catalogue de référencement — prix à relever/vérifier,,catalog_candidate,Produit/famille à confirmer dans le catalogue fournisseur ou point de vente avant publication du prix.
390,JP-00390,Riz brisé parfumé,Céréales & féculents,Karolina,25kg,Sénégal,,,,not_verified,non_déterminé,Catalogue de référencement — prix à relever/vérifier,,catalog_candidate,Produit/famille à confirmer dans le catalogue fournisseur ou point de vente avant publication du prix.
391,JP-00391,Riz brisé parfumé,Céréales & féculents,Karolina,20L,Sénégal,,,,not_verified,non_déterminé,Catalogue de référencement — prix à relever/vérifier,,catalog_candidate,Produit/famille à confirmer dans le catalogue fournisseur ou point de vente avant publication du prix.
392,JP-00392,Riz brisé parfumé,Céréales & féculents,Karolina,250ml,Sénégal,,,,not_verified,non_déterminé,Catalogue de référencement — prix à relever/vérifier,,catalog_candidate,Produit/famille à confirmer dans le catalogue fournisseur ou point de vente avant publication du prix.
393,JP-00393,Riz brisé parfumé,Céréales & féculents,Karolina,330ml,Sénégal,,,,not_verified,non_déterminé,Catalogue de référencement — prix à relever/vérifier,,catalog_candidate,Produit/famille à confirmer dans le catalogue fournisseur ou point de vente avant publication du prix.
394,JP-00394,Riz brisé parfumé,Céréales & féculents,Karolina,500ml,Sénégal,,,,not_verified,non_déterminé,Catalogue de référencement — prix à relever/vérifier,,catalog_candidate,Produit/famille à confirmer dans le catalogue fournisseur ou point de vente avant publication du prix.
395,JP-00395,Riz brisé parfumé,Céréales & féculents,Karolina,1L,Sénégal,,,,not_verified,non_déterminé,Catalogue de référencement — prix à relever/vérifier,,catalog_candidate,Produit/famille à confirmer dans le catalogue fournisseur ou point de vente avant publication du prix.
396,JP-00396,Riz brisé parfumé,Céréales & féculents,Karolina,"1,5L",Sénégal,,,,not_verified,non_déterminé,Catalogue de référencement — prix à relever/vérifier,,catalog_candidate,Produit/famille à confirmer dans le catalogue fournisseur ou point de vente avant publication du prix.
397,JP-00397,Riz brisé parfumé,Céréales & féculents,Karolina,5L,Sénégal,,,,not_verified,non_déterminé,Catalogue de référencement — prix à relever/vérifier,,catalog_candidate,Produit/famille à confirmer dans le catalogue fournisseur ou point de vente avant publication du prix.
398,JP-00398,Riz brisé parfumé,Céréales & féculents,Thiof,125g,Sénégal,,,,not_verified,non_déterminé,Catalogue de référencement — prix à relever/vérifier,,catalog_candidate,Produit/famille à confirmer dans le catalogue fournisseur ou point de vente avant publication du prix.
399,JP-00399,Riz brisé parfumé,Céréales & féculents,Thiof,160g,Sénégal,,,,not_verified,non_déterminé,Catalogue de référencement — prix à relever/vérifier,,catalog_candidate,Produit/famille à confirmer dans le catalogue fournisseur ou point de vente avant publication du prix.
400,JP-00400,Riz brisé parfumé,Céréales & féculents,Thiof,200g,Sénégal,,,,not_verified,non_déterminé,Catalogue de référencement — prix à relever/vérifier,,catalog_candidate,Produit/famille à confirmer dans le catalogue fournisseur ou point de vente avant publication du prix.
401,JP-00401,Riz brisé parfumé,Céréales & féculents,Thiof,250g,Sénégal,,,,not_verified,non_déterminé,Catalogue de référencement — prix à relever/vérifier,,catalog_candidate,Produit/famille à confirmer dans le catalogue fournisseur ou point de vente avant publication du prix.
402,JP-00402,Riz brisé parfumé,Céréales & féculents,Thiof,400g,Sénégal,,,,not_verified,non_déterminé,Catalogue de référencement — prix à relever/vérifier,,catalog_candidate,Produit/famille à confirmer dans le catalogue fournisseur ou point de vente avant publication du prix.
403,JP-00403,Riz brisé parfumé,Céréales & féculents,Thiof,500g,Sénégal,,,,not_verified,non_déterminé,Catalogue de référencement — prix à relever/vérifier,,catalog_candidate,Produit/famille à confirmer dans le catalogue fournisseur ou point de vente avant publication du prix.
404,JP-00404,Riz brisé parfumé,Céréales & féculents,Thiof,650g,Sénégal,,,,not_verified,non_déterminé,Catalogue de référencement — prix à relever/vérifier,,catalog_candidate,Produit/famille à confirmer dans le catalogue fournisseur ou point de vente avant publication du prix.
405,JP-00405,Riz brisé parfumé,Céréales & féculents,Thiof,800g,Sénégal,,,,not_verified,non_déterminé,Catalogue de référencement — prix à relever/vérifier,,catalog_candidate,Produit/famille à confirmer dans le catalogue fournisseur ou point de vente avant publication du prix.
406,JP-00406,Riz brisé parfumé,Céréales & féculents,Thiof,1kg,Sénégal,,,,not_verified,non_déterminé,Catalogue de référencement — prix à relever/vérifier,,catalog_candidate,Produit/famille à confirmer dans le catalogue fournisseur ou point de vente avant publication du prix.
407,JP-00407,Riz brisé parfumé,Céréales & féculents,Thiof,2kg,Sénégal,,,,not_verified,non_déterminé,Catalogue de référencement — prix à relever/vérifier,,catalog_candidate,Produit/famille à confirmer dans le catalogue fournisseur ou point de vente avant publication du prix.
408,JP-00408,Riz brisé parfumé,Céréales & féculents,Thiof,5kg,Sénégal,,,,not_verified,non_déterminé,Catalogue de référencement — prix à relever/vérifier,,catalog_candidate,Produit/famille à confirmer dans le catalogue fournisseur ou point de vente avant publication du prix.
409,JP-00409,Riz brisé parfumé,Céréales & féculents,Thiof,10kg,Sénégal,,,,not_verified,non_déterminé,Catalogue de référencement — prix à relever/vérifier,,catalog_candidate,Produit/famille à confirmer dans le catalogue fournisseur ou point de vente avant publication du prix.
410,JP-00410,Riz brisé parfumé,Céréales & féculents,Thiof,25kg,Sénégal,,,,not_verified,non_déterminé,Catalogue de référencement — prix à relever/vérifier,,catalog_candidate,Produit/famille à confirmer dans le catalogue fournisseur ou point de vente avant publication du prix.
411,JP-00411,Riz brisé parfumé,Céréales & féculents,Thiof,20L,Sénégal,,,,not_verified,non_déterminé,Catalogue de référencement — prix à relever/vérifier,,catalog_candidate,Produit/famille à confirmer dans le catalogue fournisseur ou point de vente avant publication du prix.
412,JP-00412,Riz brisé parfumé,Céréales & féculents,Thiof,250ml,Sénégal,,,,not_verified,non_déterminé,Catalogue de référencement — prix à relever/vérifier,,catalog_candidate,Produit/famille à confirmer dans le catalogue fournisseur ou point de vente avant publication du prix.
413,JP-00413,Riz brisé parfumé,Céréales & féculents,Thiof,330ml,Sénégal,,,,not_verified,non_déterminé,Catalogue de référencement — prix à relever/vérifier,,catalog_candidate,Produit/famille à confirmer dans le catalogue fournisseur ou point de vente avant publication du prix.
414,JP-00414,Riz brisé parfumé,Céréales & féculents,Thiof,500ml,Sénégal,,,,not_verified,non_déterminé,Catalogue de référencement — prix à relever/vérifier,,catalog_candidate,Produit/famille à confirmer dans le catalogue fournisseur ou point de vente avant publication du prix.
415,JP-00415,Riz brisé parfumé,Céréales & féculents,Thiof,1L,Sénégal,,,,not_verified,non_déterminé,Catalogue de référencement — prix à relever/vérifier,,catalog_candidate,Produit/famille à confirmer dans le catalogue fournisseur ou point de vente avant publication du prix.
416,JP-00416,Riz brisé parfumé,Céréales & féculents,Thiof,"1,5L",Sénégal,,,,not_verified,non_déterminé,Catalogue de référencement — prix à relever/vérifier,,catalog_candidate,Produit/famille à confirmer dans le catalogue fournisseur ou point de vente avant publication du prix.
417,JP-00417,Riz brisé parfumé,Céréales & féculents,Thiof,5L,Sénégal,,,,not_verified,non_déterminé,Catalogue de référencement — prix à relever/vérifier,,catalog_candidate,Produit/famille à confirmer dans le catalogue fournisseur ou point de vente avant publication du prix.
418,JP-00418,Riz brisé parfumé,Céréales & féculents,Myna,125g,Sénégal,,,,not_verified,non_déterminé,Catalogue de référencement — prix à relever/vérifier,,catalog_candidate,Produit/famille à confirmer dans le catalogue fournisseur ou point de vente avant publication du prix.
419,JP-00419,Riz brisé parfumé,Céréales & féculents,Myna,160g,Sénégal,,,,not_verified,non_déterminé,Catalogue de référencement — prix à relever/vérifier,,catalog_candidate,Produit/famille à confirmer dans le catalogue fournisseur ou point de vente avant publication du prix.
420,JP-00420,Riz brisé parfumé,Céréales & féculents,Myna,200g,Sénégal,,,,not_verified,non_déterminé,Catalogue de référencement — prix à relever/vérifier,,catalog_candidate,Produit/famille à confirmer dans le catalogue fournisseur ou point de vente avant publication du prix.
421,JP-00421,Riz brisé parfumé,Céréales & féculents,Myna,250g,Sénégal,,,,not_verified,non_déterminé,Catalogue de référencement — prix à relever/vérifier,,catalog_candidate,Produit/famille à confirmer dans le catalogue fournisseur ou point de vente avant publication du prix.
422,JP-00422,Riz brisé parfumé,Céréales & féculents,Myna,400g,Sénégal,,,,not_verified,non_déterminé,Catalogue de référencement — prix à relever/vérifier,,catalog_candidate,Produit/famille à confirmer dans le catalogue fournisseur ou point de vente avant publication du prix.
423,JP-00423,Riz brisé parfumé,Céréales & féculents,Myna,500g,Sénégal,,,,not_verified,non_déterminé,Catalogue de référencement — prix à relever/vérifier,,catalog_candidate,Produit/famille à confirmer dans le catalogue fournisseur ou point de vente avant publication du prix.
424,JP-00424,Riz brisé parfumé,Céréales & féculents,Myna,650g,Sénégal,,,,not_verified,non_déterminé,Catalogue de référencement — prix à relever/vérifier,,catalog_candidate,Produit/famille à confirmer dans le catalogue fournisseur ou point de vente avant publication du prix.
425,JP-00425,Riz brisé parfumé,Céréales & féculents,Myna,800g,Sénégal,,,,not_verified,non_déterminé,Catalogue de référencement — prix à relever/vérifier,,catalog_candidate,Produit/famille à confirmer dans le catalogue fournisseur ou point de vente avant publication du prix.
426,JP-00426,Riz brisé parfumé,Céréales & féculents,Myna,1kg,Sénégal,,,,not_verified,non_déterminé,Catalogue de référencement — prix à relever/vérifier,,catalog_candidate,Produit/famille à confirmer dans le catalogue fournisseur ou point de vente avant publication du prix.
427,JP-00427,Riz brisé parfumé,Céréales & féculents,Myna,2kg,Sénégal,,,,not_verified,non_déterminé,Catalogue de référencement — prix à relever/vérifier,,catalog_candidate,Produit/famille à confirmer dans le catalogue fournisseur ou point de vente avant publication du prix.
428,JP-00428,Riz brisé parfumé,Céréales & féculents,Myna,5kg,Sénégal,,,,not_verified,non_déterminé,Catalogue de référencement — prix à relever/vérifier,,catalog_candidate,Produit/famille à confirmer dans le catalogue fournisseur ou point de vente avant publication du prix.
429,JP-00429,Riz brisé parfumé,Céréales & féculents,Myna,10kg,Sénégal,,,,not_verified,non_déterminé,Catalogue de référencement — prix à relever/vérifier,,catalog_candidate,Produit/famille à confirmer dans le catalogue fournisseur ou point de vente avant publication du prix.
430,JP-00430,Riz brisé parfumé,Céréales & féculents,Myna,25kg,Sénégal,,,,not_verified,non_déterminé,Catalogue de référencement — prix à relever/vérifier,,catalog_candidate,Produit/famille à confirmer dans le catalogue fournisseur ou point de vente avant publication du prix.
431,JP-00431,Riz brisé parfumé,Céréales & féculents,Myna,20L,Sénégal,,,,not_verified,non_déterminé,Catalogue de référencement — prix à relever/vérifier,,catalog_candidate,Produit/famille à confirmer dans le catalogue fournisseur ou point de vente avant publication du prix.
432,JP-00432,Riz brisé parfumé,Céréales & féculents,Myna,250ml,Sénégal,,,,not_verified,non_déterminé,Catalogue de référencement — prix à relever/vérifier,,catalog_candidate,Produit/famille à confirmer dans le catalogue fournisseur ou point de vente avant publication du prix.
433,JP-00433,Riz brisé parfumé,Céréales & féculents,Myna,330ml,Sénégal,,,,not_verified,non_déterminé,Catalogue de référencement — prix à relever/vérifier,,catalog_candidate,Produit/famille à confirmer dans le catalogue fournisseur ou point de vente avant publication du prix.
434,JP-00434,Riz brisé parfumé,Céréales & féculents,Myna,500ml,Sénégal,,,,not_verified,non_déterminé,Catalogue de référencement — prix à relever/vérifier,,catalog_candidate,Produit/famille à confirmer dans le catalogue fournisseur ou point de vente avant publication du prix.
435,JP-00435,Riz brisé parfumé,Céréales & féculents,Myna,1L,Sénégal,,,,not_verified,non_déterminé,Catalogue de référencement — prix à relever/vérifier,,catalog_candidate,Produit/famille à confirmer dans le catalogue fournisseur ou point de vente avant publication du prix.
436,JP-00436,Riz brisé parfumé,Céréales & féculents,Myna,"1,5L",Sénégal,,,,not_verified,non_déterminé,Catalogue de référencement — prix à relever/vérifier,,catalog_candidate,Produit/famille à confirmer dans le catalogue fournisseur ou point de vente avant publication du prix.
437,JP-00437,Riz brisé parfumé,Céréales & féculents,Myna,5L,Sénégal,,,,not_verified,non_déterminé,Catalogue de référencement — prix à relever/vérifier,,catalog_candidate,Produit/famille à confirmer dans le catalogue fournisseur ou point de vente avant publication du prix.
438,JP-00438,Riz brisé parfumé,Céréales & féculents,Royal,125g,Sénégal,,,,not_verified,non_déterminé,Catalogue de référencement — prix à relever/vérifier,,catalog_candidate,Produit/famille à confirmer dans le catalogue fournisseur ou point de vente avant publication du prix.
439,JP-00439,Riz brisé parfumé,Céréales & féculents,Royal,160g,Sénégal,,,,not_verified,non_déterminé,Catalogue de référencement — prix à relever/vérifier,,catalog_candidate,Produit/famille à confirmer dans le catalogue fournisseur ou point de vente avant publication du prix.
440,JP-00440,Riz brisé parfumé,Céréales & féculents,Royal,200g,Sénégal,,,,not_verified,non_déterminé,Catalogue de référencement — prix à relever/vérifier,,catalog_candidate,Produit/famille à confirmer dans le catalogue fournisseur ou point de vente avant publication du prix.
441,JP-00441,Riz brisé parfumé,Céréales & féculents,Royal,250g,Sénégal,,,,not_verified,non_déterminé,Catalogue de référencement — prix à relever/vérifier,,catalog_candidate,Produit/famille à confirmer dans le catalogue fournisseur ou point de vente avant publication du prix.
442,JP-00442,Riz brisé parfumé,Céréales & féculents,Royal,400g,Sénégal,,,,not_verified,non_déterminé,Catalogue de référencement — prix à relever/vérifier,,catalog_candidate,Produit/famille à confirmer dans le catalogue fournisseur ou point de vente avant publication du prix.
443,JP-00443,Riz brisé parfumé,Céréales & féculents,Royal,500g,Sénégal,,,,not_verified,non_déterminé,Catalogue de référencement — prix à relever/vérifier,,catalog_candidate,Produit/famille à confirmer dans le catalogue fournisseur ou point de vente avant publication du prix.
444,JP-00444,Riz brisé parfumé,Céréales & féculents,Royal,650g,Sénégal,,,,not_verified,non_déterminé,Catalogue de référencement — prix à relever/vérifier,,catalog_candidate,Produit/famille à confirmer dans le catalogue fournisseur ou point de vente avant publication du prix.
445,JP-00445,Riz brisé parfumé,Céréales & féculents,Royal,800g,Sénégal,,,,not_verified,non_déterminé,Catalogue de référencement — prix à relever/vérifier,,catalog_candidate,Produit/famille à confirmer dans le catalogue fournisseur ou point de vente avant publication du prix.
446,JP-00446,Riz brisé parfumé,Céréales & féculents,Royal,1kg,Sénégal,,,,not_verified,non_déterminé,Catalogue de référencement — prix à relever/vérifier,,catalog_candidate,Produit/famille à confirmer dans le catalogue fournisseur ou point de vente avant publication du prix.
447,JP-00447,Riz brisé parfumé,Céréales & féculents,Royal,2kg,Sénégal,,,,not_verified,non_déterminé,Catalogue de référencement — prix à relever/vérifier,,catalog_candidate,Produit/famille à confirmer dans le catalogue fournisseur ou point de vente avant publication du prix.
448,JP-00448,Riz brisé parfumé,Céréales & féculents,Royal,5kg,Sénégal,,,,not_verified,non_déterminé,Catalogue de référencement — prix à relever/vérifier,,catalog_candidate,Produit/famille à confirmer dans le catalogue fournisseur ou point de vente avant publication du prix.
449,JP-00449,Riz brisé parfumé,Céréales & féculents,Royal,10kg,Sénégal,,,,not_verified,non_déterminé,Catalogue de référencement — prix à relever/vérifier,,catalog_candidate,Produit/famille à confirmer dans le catalogue fournisseur ou point de vente avant publication du prix.
450,JP-00450,Riz brisé parfumé,Céréales & féculents,Royal,25kg,Sénégal,,,,not_verified,non_déterminé,Catalogue de référencement — prix à relever/vérifier,,catalog_candidate,Produit/famille à confirmer dans le catalogue fournisseur ou point de vente avant publication du prix.
451,JP-00451,Riz brisé parfumé,Céréales & féculents,Royal,20L,Sénégal,,,,not_verified,non_déterminé,Catalogue de référencement — prix à relever/vérifier,,catalog_candidate,Produit/famille à confirmer dans le catalogue fournisseur ou point de vente avant publication du prix.
452,JP-00452,Riz brisé parfumé,Céréales & féculents,Royal,250ml,Sénégal,,,,not_verified,non_déterminé,Catalogue de référencement — prix à relever/vérifier,,catalog_candidate,Produit/famille à confirmer dans le catalogue fournisseur ou point de vente avant publication du prix.
453,JP-00453,Riz brisé parfumé,Céréales & féculents,Royal,330ml,Sénégal,,,,not_verified,non_déterminé,Catalogue de référencement — prix à relever/vérifier,,catalog_candidate,Produit/famille à confirmer dans le catalogue fournisseur ou point de vente avant publication du prix.
454,JP-00454,Riz brisé parfumé,Céréales & féculents,Royal,500ml,Sénégal,,,,not_verified,non_déterminé,Catalogue de référencement — prix à relever/vérifier,,catalog_candidate,Produit/famille à confirmer dans le catalogue fournisseur ou point de vente avant publication du prix.
455,JP-00455,Riz brisé parfumé,Céréales & féculents,Royal,1L,Sénégal,,,,not_verified,non_déterminé,Catalogue de référencement — prix à relever/vérifier,,catalog_candidate,Produit/famille à confirmer dans le catalogue fournisseur ou point de vente avant publication du prix.
456,JP-00456,Riz brisé parfumé,Céréales & féculents,Royal,"1,5L",Sénégal,,,,not_verified,non_déterminé,Catalogue de référencement — prix à relever/vérifier,,catalog_candidate,Produit/famille à confirmer dans le catalogue fournisseur ou point de vente avant publication du prix.
457,JP-00457,Riz brisé parfumé,Céréales & féculents,Royal,5L,Sénégal,,,,not_verified,non_déterminé,Catalogue de référencement — prix à relever/vérifier,,catalog_candidate,Produit/famille à confirmer dans le catalogue fournisseur ou point de vente avant publication du prix.
458,JP-00458,Riz entier,Céréales & féculents,SUNU THIEP,125g,Sénégal,,,,not_verified,non_déterminé,Catalogue de référencement — prix à relever/vérifier,,catalog_candidate,Produit/famille à confirmer dans le catalogue fournisseur ou point de vente avant publication du prix.
459,JP-00459,Riz entier,Céréales & féculents,SUNU THIEP,160g,Sénégal,,,,not_verified,non_déterminé,Catalogue de référencement — prix à relever/vérifier,,catalog_candidate,Produit/famille à confirmer dans le catalogue fournisseur ou point de vente avant publication du prix.
460,JP-00460,Riz entier,Céréales & féculents,SUNU THIEP,200g,Sénégal,,,,not_verified,non_déterminé,Catalogue de référencement — prix à relever/vérifier,,catalog_candidate,Produit/famille à confirmer dans le catalogue fournisseur ou point de vente avant publication du prix.
461,JP-00461,Riz entier,Céréales & féculents,SUNU THIEP,250g,Sénégal,,,,not_verified,non_déterminé,Catalogue de référencement — prix à relever/vérifier,,catalog_candidate,Produit/famille à confirmer dans le catalogue fournisseur ou point de vente avant publication du prix.
462,JP-00462,Riz entier,Céréales & féculents,SUNU THIEP,400g,Sénégal,,,,not_verified,non_déterminé,Catalogue de référencement — prix à relever/vérifier,,catalog_candidate,Produit/famille à confirmer dans le catalogue fournisseur ou point de vente avant publication du prix.
463,JP-00463,Riz entier,Céréales & féculents,SUNU THIEP,500g,Sénégal,,,,not_verified,non_déterminé,Catalogue de référencement — prix à relever/vérifier,,catalog_candidate,Produit/famille à confirmer dans le catalogue fournisseur ou point de vente avant publication du prix.
464,JP-00464,Riz entier,Céréales & féculents,SUNU THIEP,650g,Sénégal,,,,not_verified,non_déterminé,Catalogue de référencement — prix à relever/vérifier,,catalog_candidate,Produit/famille à confirmer dans le catalogue fournisseur ou point de vente avant publication du prix.
465,JP-00465,Riz entier,Céréales & féculents,SUNU THIEP,800g,Sénégal,,,,not_verified,non_déterminé,Catalogue de référencement — prix à relever/vérifier,,catalog_candidate,Produit/famille à confirmer dans le catalogue fournisseur ou point de vente avant publication du prix.
466,JP-00466,Riz entier,Céréales & féculents,SUNU THIEP,1kg,Sénégal,,,,not_verified,non_déterminé,Catalogue de référencement — prix à relever/vérifier,,catalog_candidate,Produit/famille à confirmer dans le catalogue fournisseur ou point de vente avant publication du prix.
467,JP-00467,Riz entier,Céréales & féculents,SUNU THIEP,2kg,Sénégal,,,,not_verified,non_déterminé,Catalogue de référencement — prix à relever/vérifier,,catalog_candidate,Produit/famille à confirmer dans le catalogue fournisseur ou point de vente avant publication du prix.
468,JP-00468,Riz entier,Céréales & féculents,SUNU THIEP,5kg,Sénégal,,,,not_verified,non_déterminé,Catalogue de référencement — prix à relever/vérifier,,catalog_candidate,Produit/famille à confirmer dans le catalogue fournisseur ou point de vente avant publication du prix.
469,JP-00469,Riz entier,Céréales & féculents,SUNU THIEP,10kg,Sénégal,,,,not_verified,non_déterminé,Catalogue de référencement — prix à relever/vérifier,,catalog_candidate,Produit/famille à confirmer dans le catalogue fournisseur ou point de vente avant publication du prix.
470,JP-00470,Riz entier,Céréales & féculents,SUNU THIEP,25kg,Sénégal,,,,not_verified,non_déterminé,Catalogue de référencement — prix à relever/vérifier,,catalog_candidate,Produit/famille à confirmer dans le catalogue fournisseur ou point de vente avant publication du prix.
471,JP-00471,Riz entier,Céréales & féculents,SUNU THIEP,20L,Sénégal,,,,not_verified,non_déterminé,Catalogue de référencement — prix à relever/vérifier,,catalog_candidate,Produit/famille à confirmer dans le catalogue fournisseur ou point de vente avant publication du prix.
472,JP-00472,Riz entier,Céréales & féculents,SUNU THIEP,250ml,Sénégal,,,,not_verified,non_déterminé,Catalogue de référencement — prix à relever/vérifier,,catalog_candidate,Produit/famille à confirmer dans le catalogue fournisseur ou point de vente avant publication du prix.
473,JP-00473,Riz entier,Céréales & féculents,SUNU THIEP,330ml,Sénégal,,,,not_verified,non_déterminé,Catalogue de référencement — prix à relever/vérifier,,catalog_candidate,Produit/famille à confirmer dans le catalogue fournisseur ou point de vente avant publication du prix.
474,JP-00474,Riz entier,Céréales & féculents,SUNU THIEP,500ml,Sénégal,,,,not_verified,non_déterminé,Catalogue de référencement — prix à relever/vérifier,,catalog_candidate,Produit/famille à confirmer dans le catalogue fournisseur ou point de vente avant publication du prix.
475,JP-00475,Riz entier,Céréales & féculents,SUNU THIEP,1L,Sénégal,,,,not_verified,non_déterminé,Catalogue de référencement — prix à relever/vérifier,,catalog_candidate,Produit/famille à confirmer dans le catalogue fournisseur ou point de vente avant publication du prix.
476,JP-00476,Riz entier,Céréales & féculents,SUNU THIEP,"1,5L",Sénégal,,,,not_verified,non_déterminé,Catalogue de référencement — prix à relever/vérifier,,catalog_candidate,Produit/famille à confirmer dans le catalogue fournisseur ou point de vente avant publication du prix.
477,JP-00477,Riz entier,Céréales & féculents,SUNU THIEP,5L,Sénégal,,,,not_verified,non_déterminé,Catalogue de référencement — prix à relever/vérifier,,catalog_candidate,Produit/famille à confirmer dans le catalogue fournisseur ou point de vente avant publication du prix.
478,JP-00478,Riz entier,Céréales & féculents,Karolina,125g,Sénégal,,,,not_verified,non_déterminé,Catalogue de référencement — prix à relever/vérifier,,catalog_candidate,Produit/famille à confirmer dans le catalogue fournisseur ou point de vente avant publication du prix.
479,JP-00479,Riz entier,Céréales & féculents,Karolina,160g,Sénégal,,,,not_verified,non_déterminé,Catalogue de référencement — prix à relever/vérifier,,catalog_candidate,Produit/famille à confirmer dans le catalogue fournisseur ou point de vente avant publication du prix.
480,JP-00480,Riz entier,Céréales & féculents,Karolina,200g,Sénégal,,,,not_verified,non_déterminé,Catalogue de référencement — prix à relever/vérifier,,catalog_candidate,Produit/famille à confirmer dans le catalogue fournisseur ou point de vente avant publication du prix.
481,JP-00481,Riz entier,Céréales & féculents,Karolina,250g,Sénégal,,,,not_verified,non_déterminé,Catalogue de référencement — prix à relever/vérifier,,catalog_candidate,Produit/famille à confirmer dans le catalogue fournisseur ou point de vente avant publication du prix.
482,JP-00482,Riz entier,Céréales & féculents,Karolina,400g,Sénégal,,,,not_verified,non_déterminé,Catalogue de référencement — prix à relever/vérifier,,catalog_candidate,Produit/famille à confirmer dans le catalogue fournisseur ou point de vente avant publication du prix.
483,JP-00483,Riz entier,Céréales & féculents,Karolina,500g,Sénégal,,,,not_verified,non_déterminé,Catalogue de référencement — prix à relever/vérifier,,catalog_candidate,Produit/famille à confirmer dans le catalogue fournisseur ou point de vente avant publication du prix.
484,JP-00484,Riz entier,Céréales & féculents,Karolina,650g,Sénégal,,,,not_verified,non_déterminé,Catalogue de référencement — prix à relever/vérifier,,catalog_candidate,Produit/famille à confirmer dans le catalogue fournisseur ou point de vente avant publication du prix.
485,JP-00485,Riz entier,Céréales & féculents,Karolina,800g,Sénégal,,,,not_verified,non_déterminé,Catalogue de référencement — prix à relever/vérifier,,catalog_candidate,Produit/famille à confirmer dans le catalogue fournisseur ou point de vente avant publication du prix.
486,JP-00486,Riz entier,Céréales & féculents,Karolina,1kg,Sénégal,,,,not_verified,non_déterminé,Catalogue de référencement — prix à relever/vérifier,,catalog_candidate,Produit/famille à confirmer dans le catalogue fournisseur ou point de vente avant publication du prix.
487,JP-00487,Riz entier,Céréales & féculents,Karolina,2kg,Sénégal,,,,not_verified,non_déterminé,Catalogue de référencement — prix à relever/vérifier,,catalog_candidate,Produit/famille à confirmer dans le catalogue fournisseur ou point de vente avant publication du prix.
488,JP-00488,Riz entier,Céréales & féculents,Karolina,5kg,Sénégal,,,,not_verified,non_déterminé,Catalogue de référencement — prix à relever/vérifier,,catalog_candidate,Produit/famille à confirmer dans le catalogue fournisseur ou point de vente avant publication du prix.
489,JP-00489,Riz entier,Céréales & féculents,Karolina,10kg,Sénégal,,,,not_verified,non_déterminé,Catalogue de référencement — prix à relever/vérifier,,catalog_candidate,Produit/famille à confirmer dans le catalogue fournisseur ou point de vente avant publication du prix.
490,JP-00490,Riz entier,Céréales & féculents,Karolina,25kg,Sénégal,,,,not_verified,non_déterminé,Catalogue de référencement — prix à relever/vérifier,,catalog_candidate,Produit/famille à confirmer dans le catalogue fournisseur ou point de vente avant publication du prix.
491,JP-00491,Riz entier,Céréales & féculents,Karolina,20L,Sénégal,,,,not_verified,non_déterminé,Catalogue de référencement — prix à relever/vérifier,,catalog_candidate,Produit/famille à confirmer dans le catalogue fournisseur ou point de vente avant publication du prix.
492,JP-00492,Riz entier,Céréales & féculents,Karolina,250ml,Sénégal,,,,not_verified,non_déterminé,Catalogue de référencement — prix à relever/vérifier,,catalog_candidate,Produit/famille à confirmer dans le catalogue fournisseur ou point de vente avant publication du prix.
493,JP-00493,Riz entier,Céréales & féculents,Karolina,330ml,Sénégal,,,,not_verified,non_déterminé,Catalogue de référencement — prix à relever/vérifier,,catalog_candidate,Produit/famille à confirmer dans le catalogue fournisseur ou point de vente avant publication du prix.
494,JP-00494,Riz entier,Céréales & féculents,Karolina,500ml,Sénégal,,,,not_verified,non_déterminé,Catalogue de référencement — prix à relever/vérifier,,catalog_candidate,Produit/famille à confirmer dans le catalogue fournisseur ou point de vente avant publication du prix.
495,JP-00495,Riz entier,Céréales & féculents,Karolina,1L,Sénégal,,,,not_verified,non_déterminé,Catalogue de référencement — prix à relever/vérifier,,catalog_candidate,Produit/famille à confirmer dans le catalogue fournisseur ou point de vente avant publication du prix.
496,JP-00496,Riz entier,Céréales & féculents,Karolina,"1,5L",Sénégal,,,,not_verified,non_déterminé,Catalogue de référencement — prix à relever/vérifier,,catalog_candidate,Produit/famille à confirmer dans le catalogue fournisseur ou point de vente avant publication du prix.
497,JP-00497,Riz entier,Céréales & féculents,Karolina,5L,Sénégal,,,,not_verified,non_déterminé,Catalogue de référencement — prix à relever/vérifier,,catalog_candidate,Produit/famille à confirmer dans le catalogue fournisseur ou point de vente avant publication du prix.
498,JP-00498,Riz complet,Céréales & féculents,Sans marque,125g,Sénégal,,,,not_verified,non_déterminé,Catalogue de référencement — prix à relever/vérifier,,catalog_candidate,Produit/famille à confirmer dans le catalogue fournisseur ou point de vente avant publication du prix.
499,JP-00499,Riz complet,Céréales & féculents,Sans marque,160g,Sénégal,,,,not_verified,non_déterminé,Catalogue de référencement — prix à relever/vérifier,,catalog_candidate,Produit/famille à confirmer dans le catalogue fournisseur ou point de vente avant publication du prix.
500,JP-00500,Riz complet,Céréales & féculents,Sans marque,200g,Sénégal,,,,not_verified,non_déterminé,Catalogue de référencement — prix à relever/vérifier,,catalog_candidate,Produit/famille à confirmer dans le catalogue fournisseur ou point de vente avant publication du prix.
501,JP-00501,Riz complet,Céréales & féculents,Sans marque,250g,Sénégal,,,,not_verified,non_déterminé,Catalogue de référencement — prix à relever/vérifier,,catalog_candidate,Produit/famille à confirmer dans le catalogue fournisseur ou point de vente avant publication du prix.
502,JP-00502,Riz complet,Céréales & féculents,Sans marque,400g,Sénégal,,,,not_verified,non_déterminé,Catalogue de référencement — prix à relever/vérifier,,catalog_candidate,Produit/famille à confirmer dans le catalogue fournisseur ou point de vente avant publication du prix.
503,JP-00503,Riz complet,Céréales & féculents,Sans marque,500g,Sénégal,,,,not_verified,non_déterminé,Catalogue de référencement — prix à relever/vérifier,,catalog_candidate,Produit/famille à confirmer dans le catalogue fournisseur ou point de vente avant publication du prix.
504,JP-00504,Riz complet,Céréales & féculents,Sans marque,650g,Sénégal,,,,not_verified,non_déterminé,Catalogue de référencement — prix à relever/vérifier,,catalog_candidate,Produit/famille à confirmer dans le catalogue fournisseur ou point de vente avant publication du prix.
505,JP-00505,Riz complet,Céréales & féculents,Sans marque,800g,Sénégal,,,,not_verified,non_déterminé,Catalogue de référencement — prix à relever/vérifier,,catalog_candidate,Produit/famille à confirmer dans le catalogue fournisseur ou point de vente avant publication du prix.
506,JP-00506,Riz complet,Céréales & féculents,Sans marque,1kg,Sénégal,,,,not_verified,non_déterminé,Catalogue de référencement — prix à relever/vérifier,,catalog_candidate,Produit/famille à confirmer dans le catalogue fournisseur ou point de vente avant publication du prix.
507,JP-00507,Riz complet,Céréales & féculents,Sans marque,2kg,Sénégal,,,,not_verified,non_déterminé,Catalogue de référencement — prix à relever/vérifier,,catalog_candidate,Produit/famille à confirmer dans le catalogue fournisseur ou point de vente avant publication du prix.
508,JP-00508,Riz complet,Céréales & féculents,Sans marque,5kg,Sénégal,,,,not_verified,non_déterminé,Catalogue de référencement — prix à relever/vérifier,,catalog_candidate,Produit/famille à confirmer dans le catalogue fournisseur ou point de vente avant publication du prix.
509,JP-00509,Riz complet,Céréales & féculents,Sans marque,10kg,Sénégal,,,,not_verified,non_déterminé,Catalogue de référencement — prix à relever/vérifier,,catalog_candidate,Produit/famille à confirmer dans le catalogue fournisseur ou point de vente avant publication du prix.
510,JP-00510,Riz complet,Céréales & féculents,Sans marque,25kg,Sénégal,,,,not_verified,non_déterminé,Catalogue de référencement — prix à relever/vérifier,,catalog_candidate,Produit/famille à confirmer dans le catalogue fournisseur ou point de vente avant publication du prix.
511,JP-00511,Riz complet,Céréales & féculents,Sans marque,20L,Sénégal,,,,not_verified,non_déterminé,Catalogue de référencement — prix à relever/vérifier,,catalog_candidate,Produit/famille à confirmer dans le catalogue fournisseur ou point de vente avant publication du prix.
512,JP-00512,Riz complet,Céréales & féculents,Sans marque,250ml,Sénégal,,,,not_verified,non_déterminé,Catalogue de référencement — prix à relever/vérifier,,catalog_candidate,Produit/famille à confirmer dans le catalogue fournisseur ou point de vente avant publication du prix.
513,JP-00513,Riz complet,Céréales & féculents,Sans marque,330ml,Sénégal,,,,not_verified,non_déterminé,Catalogue de référencement — prix à relever/vérifier,,catalog_candidate,Produit/famille à confirmer dans le catalogue fournisseur ou point de vente avant publication du prix.
514,JP-00514,Riz complet,Céréales & féculents,Sans marque,500ml,Sénégal,,,,not_verified,non_déterminé,Catalogue de référencement — prix à relever/vérifier,,catalog_candidate,Produit/famille à confirmer dans le catalogue fournisseur ou point de vente avant publication du prix.
515,JP-00515,Riz complet,Céréales & féculents,Sans marque,1L,Sénégal,,,,not_verified,non_déterminé,Catalogue de référencement — prix à relever/vérifier,,catalog_candidate,Produit/famille à confirmer dans le catalogue fournisseur ou point de vente avant publication du prix.
516,JP-00516,Riz complet,Céréales & féculents,Sans marque,"1,5L",Sénégal,,,,not_verified,non_déterminé,Catalogue de référencement — prix à relever/vérifier,,catalog_candidate,Produit/famille à confirmer dans le catalogue fournisseur ou point de vente avant publication du prix.
517,JP-00517,Riz complet,Céréales & féculents,Sans marque,5L,Sénégal,,,,not_verified,non_déterminé,Catalogue de référencement — prix à relever/vérifier,,catalog_candidate,Produit/famille à confirmer dans le catalogue fournisseur ou point de vente avant publication du prix.
518,JP-00518,Riz basmati,Céréales & féculents,Sans marque,125g,Sénégal,,,,not_verified,non_déterminé,Catalogue de référencement — prix à relever/vérifier,,catalog_candidate,Produit/famille à confirmer dans le catalogue fournisseur ou point de vente avant publication du prix.
519,JP-00519,Riz basmati,Céréales & féculents,Sans marque,160g,Sénégal,,,,not_verified,non_déterminé,Catalogue de référencement — prix à relever/vérifier,,catalog_candidate,Produit/famille à confirmer dans le catalogue fournisseur ou point de vente avant publication du prix.
520,JP-00520,Riz basmati,Céréales & féculents,Sans marque,200g,Sénégal,,,,not_verified,non_déterminé,Catalogue de référencement — prix à relever/vérifier,,catalog_candidate,Produit/famille à confirmer dans le catalogue fournisseur ou point de vente avant publication du prix.
521,JP-00521,Riz basmati,Céréales & féculents,Sans marque,250g,Sénégal,,,,not_verified,non_déterminé,Catalogue de référencement — prix à relever/vérifier,,catalog_candidate,Produit/famille à confirmer dans le catalogue fournisseur ou point de vente avant publication du prix.
522,JP-00522,Riz basmati,Céréales & féculents,Sans marque,400g,Sénégal,,,,not_verified,non_déterminé,Catalogue de référencement — prix à relever/vérifier,,catalog_candidate,Produit/famille à confirmer dans le catalogue fournisseur ou point de vente avant publication du prix.
523,JP-00523,Riz basmati,Céréales & féculents,Sans marque,500g,Sénégal,,,,not_verified,non_déterminé,Catalogue de référencement — prix à relever/vérifier,,catalog_candidate,Produit/famille à confirmer dans le catalogue fournisseur ou point de vente avant publication du prix.
524,JP-00524,Riz basmati,Céréales & féculents,Sans marque,650g,Sénégal,,,,not_verified,non_déterminé,Catalogue de référencement — prix à relever/vérifier,,catalog_candidate,Produit/famille à confirmer dans le catalogue fournisseur ou point de vente avant publication du prix.
525,JP-00525,Riz basmati,Céréales & féculents,Sans marque,800g,Sénégal,,,,not_verified,non_déterminé,Catalogue de référencement — prix à relever/vérifier,,catalog_candidate,Produit/famille à confirmer dans le catalogue fournisseur ou point de vente avant publication du prix.
526,JP-00526,Riz basmati,Céréales & féculents,Sans marque,1kg,Sénégal,,,,not_verified,non_déterminé,Catalogue de référencement — prix à relever/vérifier,,catalog_candidate,Produit/famille à confirmer dans le catalogue fournisseur ou point de vente avant publication du prix.
527,JP-00527,Riz basmati,Céréales & féculents,Sans marque,2kg,Sénégal,,,,not_verified,non_déterminé,Catalogue de référencement — prix à relever/vérifier,,catalog_candidate,Produit/famille à confirmer dans le catalogue fournisseur ou point de vente avant publication du prix.
528,JP-00528,Riz basmati,Céréales & féculents,Sans marque,5kg,Sénégal,,,,not_verified,non_déterminé,Catalogue de référencement — prix à relever/vérifier,,catalog_candidate,Produit/famille à confirmer dans le catalogue fournisseur ou point de vente avant publication du prix.
529,JP-00529,Riz basmati,Céréales & féculents,Sans marque,10kg,Sénégal,,,,not_verified,non_déterminé,Catalogue de référencement — prix à relever/vérifier,,catalog_candidate,Produit/famille à confirmer dans le catalogue fournisseur ou point de vente avant publication du prix.
530,JP-00530,Riz basmati,Céréales & féculents,Sans marque,25kg,Sénégal,,,,not_verified,non_déterminé,Catalogue de référencement — prix à relever/vérifier,,catalog_candidate,Produit/famille à confirmer dans le catalogue fournisseur ou point de vente avant publication du prix.
531,JP-00531,Riz basmati,Céréales & féculents,Sans marque,20L,Sénégal,,,,not_verified,non_déterminé,Catalogue de référencement — prix à relever/vérifier,,catalog_candidate,Produit/famille à confirmer dans le catalogue fournisseur ou point de vente avant publication du prix.
532,JP-00532,Riz basmati,Céréales & féculents,Sans marque,250ml,Sénégal,,,,not_verified,non_déterminé,Catalogue de référencement — prix à relever/vérifier,,catalog_candidate,Produit/famille à confirmer dans le catalogue fournisseur ou point de vente avant publication du prix.
533,JP-00533,Riz basmati,Céréales & féculents,Sans marque,330ml,Sénégal,,,,not_verified,non_déterminé,Catalogue de référencement — prix à relever/vérifier,,catalog_candidate,Produit/famille à confirmer dans le catalogue fournisseur ou point de vente avant publication du prix.
534,JP-00534,Riz basmati,Céréales & féculents,Sans marque,500ml,Sénégal,,,,not_verified,non_déterminé,Catalogue de référencement — prix à relever/vérifier,,catalog_candidate,Produit/famille à confirmer dans le catalogue fournisseur ou point de vente avant publication du prix.
535,JP-00535,Riz basmati,Céréales & féculents,Sans marque,1L,Sénégal,,,,not_verified,non_déterminé,Catalogue de référencement — prix à relever/vérifier,,catalog_candidate,Produit/famille à confirmer dans le catalogue fournisseur ou point de vente avant publication du prix.
536,JP-00536,Riz basmati,Céréales & féculents,Sans marque,"1,5L",Sénégal,,,,not_verified,non_déterminé,Catalogue de référencement — prix à relever/vérifier,,catalog_candidate,Produit/famille à confirmer dans le catalogue fournisseur ou point de vente avant publication du prix.
537,JP-00537,Riz basmati,Céréales & féculents,Sans marque,5L,Sénégal,,,,not_verified,non_déterminé,Catalogue de référencement — prix à relever/vérifier,,catalog_candidate,Produit/famille à confirmer dans le catalogue fournisseur ou point de vente avant publication du prix.
538,JP-00538,Riz basmati,Céréales & féculents,Royal,125g,Sénégal,,,,not_verified,non_déterminé,Catalogue de référencement — prix à relever/vérifier,,catalog_candidate,Produit/famille à confirmer dans le catalogue fournisseur ou point de vente avant publication du prix.
539,JP-00539,Riz basmati,Céréales & féculents,Royal,160g,Sénégal,,,,not_verified,non_déterminé,Catalogue de référencement — prix à relever/vérifier,,catalog_candidate,Produit/famille à confirmer dans le catalogue fournisseur ou point de vente avant publication du prix.
540,JP-00540,Riz basmati,Céréales & féculents,Royal,200g,Sénégal,,,,not_verified,non_déterminé,Catalogue de référencement — prix à relever/vérifier,,catalog_candidate,Produit/famille à confirmer dans le catalogue fournisseur ou point de vente avant publication du prix.
541,JP-00541,Riz basmati,Céréales & féculents,Royal,250g,Sénégal,,,,not_verified,non_déterminé,Catalogue de référencement — prix à relever/vérifier,,catalog_candidate,Produit/famille à confirmer dans le catalogue fournisseur ou point de vente avant publication du prix.
542,JP-00542,Riz basmati,Céréales & féculents,Royal,400g,Sénégal,,,,not_verified,non_déterminé,Catalogue de référencement — prix à relever/vérifier,,catalog_candidate,Produit/famille à confirmer dans le catalogue fournisseur ou point de vente avant publication du prix.
543,JP-00543,Riz basmati,Céréales & féculents,Royal,500g,Sénégal,,,,not_verified,non_déterminé,Catalogue de référencement — prix à relever/vérifier,,catalog_candidate,Produit/famille à confirmer dans le catalogue fournisseur ou point de vente avant publication du prix.
544,JP-00544,Riz basmati,Céréales & féculents,Royal,650g,Sénégal,,,,not_verified,non_déterminé,Catalogue de référencement — prix à relever/vérifier,,catalog_candidate,Produit/famille à confirmer dans le catalogue fournisseur ou point de vente avant publication du prix.
545,JP-00545,Riz basmati,Céréales & féculents,Royal,800g,Sénégal,,,,not_verified,non_déterminé,Catalogue de référencement — prix à relever/vérifier,,catalog_candidate,Produit/famille à confirmer dans le catalogue fournisseur ou point de vente avant publication du prix.
546,JP-00546,Riz basmati,Céréales & féculents,Royal,1kg,Sénégal,,,,not_verified,non_déterminé,Catalogue de référencement — prix à relever/vérifier,,catalog_candidate,Produit/famille à confirmer dans le catalogue fournisseur ou point de vente avant publication du prix.
547,JP-00547,Riz basmati,Céréales & féculents,Royal,2kg,Sénégal,,,,not_verified,non_déterminé,Catalogue de référencement — prix à relever/vérifier,,catalog_candidate,Produit/famille à confirmer dans le catalogue fournisseur ou point de vente avant publication du prix.
548,JP-00548,Riz basmati,Céréales & féculents,Royal,5kg,Sénégal,,,,not_verified,non_déterminé,Catalogue de référencement — prix à relever/vérifier,,catalog_candidate,Produit/famille à confirmer dans le catalogue fournisseur ou point de vente avant publication du prix.
549,JP-00549,Riz basmati,Céréales & féculents,Royal,10kg,Sénégal,,,,not_verified,non_déterminé,Catalogue de référencement — prix à relever/vérifier,,catalog_candidate,Produit/famille à confirmer dans le catalogue fournisseur ou point de vente avant publication du prix.
550,JP-00550,Riz basmati,Céréales & féculents,Royal,25kg,Sénégal,,,,not_verified,non_déterminé,Catalogue de référencement — prix à relever/vérifier,,catalog_candidate,Produit/famille à confirmer dans le catalogue fournisseur ou point de vente avant publication du prix.
551,JP-00551,Riz basmati,Céréales & féculents,Royal,20L,Sénégal,,,,not_verified,non_déterminé,Catalogue de référencement — prix à relever/vérifier,,catalog_candidate,Produit/famille à confirmer dans le catalogue fournisseur ou point de vente avant publication du prix.
552,JP-00552,Riz basmati,Céréales & féculents,Royal,250ml,Sénégal,,,,not_verified,non_déterminé,Catalogue de référencement — prix à relever/vérifier,,catalog_candidate,Produit/famille à confirmer dans le catalogue fournisseur ou point de vente avant publication du prix.
553,JP-00553,Riz basmati,Céréales & féculents,Royal,330ml,Sénégal,,,,not_verified,non_déterminé,Catalogue de référencement — prix à relever/vérifier,,catalog_candidate,Produit/famille à confirmer dans le catalogue fournisseur ou point de vente avant publication du prix.
554,JP-00554,Riz basmati,Céréales & féculents,Royal,500ml,Sénégal,,,,not_verified,non_déterminé,Catalogue de référencement — prix à relever/vérifier,,catalog_candidate,Produit/famille à confirmer dans le catalogue fournisseur ou point de vente avant publication du prix.
555,JP-00555,Riz basmati,Céréales & féculents,Royal,1L,Sénégal,,,,not_verified,non_déterminé,Catalogue de référencement — prix à relever/vérifier,,catalog_candidate,Produit/famille à confirmer dans le catalogue fournisseur ou point de vente avant publication du prix.
556,JP-00556,Riz basmati,Céréales & féculents,Royal,"1,5L",Sénégal,,,,not_verified,non_déterminé,Catalogue de référencement — prix à relever/vérifier,,catalog_candidate,Produit/famille à confirmer dans le catalogue fournisseur ou point de vente avant publication du prix.
557,JP-00557,Riz basmati,Céréales & féculents,Royal,5L,Sénégal,,,,not_verified,non_déterminé,Catalogue de référencement — prix à relever/vérifier,,catalog_candidate,Produit/famille à confirmer dans le catalogue fournisseur ou point de vente avant publication du prix.
558,JP-00558,Riz jasmin,Céréales & féculents,Sans marque,125g,Sénégal,,,,not_verified,non_déterminé,Catalogue de référencement — prix à relever/vérifier,,catalog_candidate,Produit/famille à confirmer dans le catalogue fournisseur ou point de vente avant publication du prix.
559,JP-00559,Riz jasmin,Céréales & féculents,Sans marque,160g,Sénégal,,,,not_verified,non_déterminé,Catalogue de référencement — prix à relever/vérifier,,catalog_candidate,Produit/famille à confirmer dans le catalogue fournisseur ou point de vente avant publication du prix.
560,JP-00560,Riz jasmin,Céréales & féculents,Sans marque,200g,Sénégal,,,,not_verified,non_déterminé,Catalogue de référencement — prix à relever/vérifier,,catalog_candidate,Produit/famille à confirmer dans le catalogue fournisseur ou point de vente avant publication du prix.
561,JP-00561,Riz jasmin,Céréales & féculents,Sans marque,250g,Sénégal,,,,not_verified,non_déterminé,Catalogue de référencement — prix à relever/vérifier,,catalog_candidate,Produit/famille à confirmer dans le catalogue fournisseur ou point de vente avant publication du prix.
562,JP-00562,Riz jasmin,Céréales & féculents,Sans marque,400g,Sénégal,,,,not_verified,non_déterminé,Catalogue de référencement — prix à relever/vérifier,,catalog_candidate,Produit/famille à confirmer dans le catalogue fournisseur ou point de vente avant publication du prix.
563,JP-00563,Riz jasmin,Céréales & féculents,Sans marque,500g,Sénégal,,,,not_verified,non_déterminé,Catalogue de référencement — prix à relever/vérifier,,catalog_candidate,Produit/famille à confirmer dans le catalogue fournisseur ou point de vente avant publication du prix.
564,JP-00564,Riz jasmin,Céréales & féculents,Sans marque,650g,Sénégal,,,,not_verified,non_déterminé,Catalogue de référencement — prix à relever/vérifier,,catalog_candidate,Produit/famille à confirmer dans le catalogue fournisseur ou point de vente avant publication du prix.
565,JP-00565,Riz jasmin,Céréales & féculents,Sans marque,800g,Sénégal,,,,not_verified,non_déterminé,Catalogue de référencement — prix à relever/vérifier,,catalog_candidate,Produit/famille à confirmer dans le catalogue fournisseur ou point de vente avant publication du prix.
566,JP-00566,Riz jasmin,Céréales & féculents,Sans marque,1kg,Sénégal,,,,not_verified,non_déterminé,Catalogue de référencement — prix à relever/vérifier,,catalog_candidate,Produit/famille à confirmer dans le catalogue fournisseur ou point de vente avant publication du prix.
567,JP-00567,Riz jasmin,Céréales & féculents,Sans marque,2kg,Sénégal,,,,not_verified,non_déterminé,Catalogue de référencement — prix à relever/vérifier,,catalog_candidate,Produit/famille à confirmer dans le catalogue fournisseur ou point de vente avant publication du prix.
568,JP-00568,Riz jasmin,Céréales & féculents,Sans marque,5kg,Sénégal,,,,not_verified,non_déterminé,Catalogue de référencement — prix à relever/vérifier,,catalog_candidate,Produit/famille à confirmer dans le catalogue fournisseur ou point de vente avant publication du prix.
569,JP-00569,Riz jasmin,Céréales & féculents,Sans marque,10kg,Sénégal,,,,not_verified,non_déterminé,Catalogue de référencement — prix à relever/vérifier,,catalog_candidate,Produit/famille à confirmer dans le catalogue fournisseur ou point de vente avant publication du prix.
570,JP-00570,Riz jasmin,Céréales & féculents,Sans marque,25kg,Sénégal,,,,not_verified,non_déterminé,Catalogue de référencement — prix à relever/vérifier,,catalog_candidate,Produit/famille à confirmer dans le catalogue fournisseur ou point de vente avant publication du prix.
571,JP-00571,Riz jasmin,Céréales & féculents,Sans marque,20L,Sénégal,,,,not_verified,non_déterminé,Catalogue de référencement — prix à relever/vérifier,,catalog_candidate,Produit/famille à confirmer dans le catalogue fournisseur ou point de vente avant publication du prix.
572,JP-00572,Riz jasmin,Céréales & féculents,Sans marque,250ml,Sénégal,,,,not_verified,non_déterminé,Catalogue de référencement — prix à relever/vérifier,,catalog_candidate,Produit/famille à confirmer dans le catalogue fournisseur ou point de vente avant publication du prix.
573,JP-00573,Riz jasmin,Céréales & féculents,Sans marque,330ml,Sénégal,,,,not_verified,non_déterminé,Catalogue de référencement — prix à relever/vérifier,,catalog_candidate,Produit/famille à confirmer dans le catalogue fournisseur ou point de vente avant publication du prix.
574,JP-00574,Riz jasmin,Céréales & féculents,Sans marque,500ml,Sénégal,,,,not_verified,non_déterminé,Catalogue de référencement — prix à relever/vérifier,,catalog_candidate,Produit/famille à confirmer dans le catalogue fournisseur ou point de vente avant publication du prix.
575,JP-00575,Riz jasmin,Céréales & féculents,Sans marque,1L,Sénégal,,,,not_verified,non_déterminé,Catalogue de référencement — prix à relever/vérifier,,catalog_candidate,Produit/famille à confirmer dans le catalogue fournisseur ou point de vente avant publication du prix.
576,JP-00576,Riz jasmin,Céréales & féculents,Sans marque,"1,5L",Sénégal,,,,not_verified,non_déterminé,Catalogue de référencement — prix à relever/vérifier,,catalog_candidate,Produit/famille à confirmer dans le catalogue fournisseur ou point de vente avant publication du prix.
577,JP-00577,Riz jasmin,Céréales & féculents,Sans marque,5L,Sénégal,,,,not_verified,non_déterminé,Catalogue de référencement — prix à relever/vérifier,,catalog_candidate,Produit/famille à confirmer dans le catalogue fournisseur ou point de vente avant publication du prix.
578,JP-00578,Mil,Céréales & féculents,Sans marque,125g,Sénégal,,,,not_verified,non_déterminé,Catalogue de référencement — prix à relever/vérifier,,catalog_candidate,Produit/famille à confirmer dans le catalogue fournisseur ou point de vente avant publication du prix.
579,JP-00579,Mil,Céréales & féculents,Sans marque,160g,Sénégal,,,,not_verified,non_déterminé,Catalogue de référencement — prix à relever/vérifier,,catalog_candidate,Produit/famille à confirmer dans le catalogue fournisseur ou point de vente avant publication du prix.
580,JP-00580,Mil,Céréales & féculents,Sans marque,200g,Sénégal,,,,not_verified,non_déterminé,Catalogue de référencement — prix à relever/vérifier,,catalog_candidate,Produit/famille à confirmer dans le catalogue fournisseur ou point de vente avant publication du prix.
581,JP-00581,Mil,Céréales & féculents,Sans marque,250g,Sénégal,,,,not_verified,non_déterminé,Catalogue de référencement — prix à relever/vérifier,,catalog_candidate,Produit/famille à confirmer dans le catalogue fournisseur ou point de vente avant publication du prix.
582,JP-00582,Mil,Céréales & féculents,Sans marque,400g,Sénégal,,,,not_verified,non_déterminé,Catalogue de référencement — prix à relever/vérifier,,catalog_candidate,Produit/famille à confirmer dans le catalogue fournisseur ou point de vente avant publication du prix.
583,JP-00583,Mil,Céréales & féculents,Sans marque,500g,Sénégal,,,,not_verified,non_déterminé,Catalogue de référencement — prix à relever/vérifier,,catalog_candidate,Produit/famille à confirmer dans le catalogue fournisseur ou point de vente avant publication du prix.
584,JP-00584,Mil,Céréales & féculents,Sans marque,650g,Sénégal,,,,not_verified,non_déterminé,Catalogue de référencement — prix à relever/vérifier,,catalog_candidate,Produit/famille à confirmer dans le catalogue fournisseur ou point de vente avant publication du prix.
585,JP-00585,Mil,Céréales & féculents,Sans marque,800g,Sénégal,,,,not_verified,non_déterminé,Catalogue de référencement — prix à relever/vérifier,,catalog_candidate,Produit/famille à confirmer dans le catalogue fournisseur ou point de vente avant publication du prix.
586,JP-00586,Mil,Céréales & féculents,Sans marque,1kg,Sénégal,,,,not_verified,non_déterminé,Catalogue de référencement — prix à relever/vérifier,,catalog_candidate,Produit/famille à confirmer dans le catalogue fournisseur ou point de vente avant publication du prix.
587,JP-00587,Mil,Céréales & féculents,Sans marque,2kg,Sénégal,,,,not_verified,non_déterminé,Catalogue de référencement — prix à relever/vérifier,,catalog_candidate,Produit/famille à confirmer dans le catalogue fournisseur ou point de vente avant publication du prix.
588,JP-00588,Mil,Céréales & féculents,Sans marque,5kg,Sénégal,,,,not_verified,non_déterminé,Catalogue de référencement — prix à relever/vérifier,,catalog_candidate,Produit/famille à confirmer dans le catalogue fournisseur ou point de vente avant publication du prix.
589,JP-00589,Mil,Céréales & féculents,Sans marque,10kg,Sénégal,,,,not_verified,non_déterminé,Catalogue de référencement — prix à relever/vérifier,,catalog_candidate,Produit/famille à confirmer dans le catalogue fournisseur ou point de vente avant publication du prix.
590,JP-00590,Mil,Céréales & féculents,Sans marque,25kg,Sénégal,,,,not_verified,non_déterminé,Catalogue de référencement — prix à relever/vérifier,,catalog_candidate,Produit/famille à confirmer dans le catalogue fournisseur ou point de vente avant publication du prix.
591,JP-00591,Mil,Céréales & féculents,Sans marque,20L,Sénégal,,,,not_verified,non_déterminé,Catalogue de référencement — prix à relever/vérifier,,catalog_candidate,Produit/famille à confirmer dans le catalogue fournisseur ou point de vente avant publication du prix.
592,JP-00592,Mil,Céréales & féculents,Sans marque,250ml,Sénégal,,,,not_verified,non_déterminé,Catalogue de référencement — prix à relever/vérifier,,catalog_candidate,Produit/famille à confirmer dans le catalogue fournisseur ou point de vente avant publication du prix.
593,JP-00593,Mil,Céréales & féculents,Sans marque,330ml,Sénégal,,,,not_verified,non_déterminé,Catalogue de référencement — prix à relever/vérifier,,catalog_candidate,Produit/famille à confirmer dans le catalogue fournisseur ou point de vente avant publication du prix.
594,JP-00594,Mil,Céréales & féculents,Sans marque,500ml,Sénégal,,,,not_verified,non_déterminé,Catalogue de référencement — prix à relever/vérifier,,catalog_candidate,Produit/famille à confirmer dans le catalogue fournisseur ou point de vente avant publication du prix.
595,JP-00595,Mil,Céréales & féculents,Sans marque,1L,Sénégal,,,,not_verified,non_déterminé,Catalogue de référencement — prix à relever/vérifier,,catalog_candidate,Produit/famille à confirmer dans le catalogue fournisseur ou point de vente avant publication du prix.
596,JP-00596,Mil,Céréales & féculents,Sans marque,"1,5L",Sénégal,,,,not_verified,non_déterminé,Catalogue de référencement — prix à relever/vérifier,,catalog_candidate,Produit/famille à confirmer dans le catalogue fournisseur ou point de vente avant publication du prix.
597,JP-00597,Mil,Céréales & féculents,Sans marque,5L,Sénégal,,,,not_verified,non_déterminé,Catalogue de référencement — prix à relever/vérifier,,catalog_candidate,Produit/famille à confirmer dans le catalogue fournisseur ou point de vente avant publication du prix.
598,JP-00598,Mil décortiqué,Céréales & féculents,Sans marque,125g,Sénégal,,,,not_verified,non_déterminé,Catalogue de référencement — prix à relever/vérifier,,catalog_candidate,Produit/famille à confirmer dans le catalogue fournisseur ou point de vente avant publication du prix.
599,JP-00599,Mil décortiqué,Céréales & féculents,Sans marque,160g,Sénégal,,,,not_verified,non_déterminé,Catalogue de référencement — prix à relever/vérifier,,catalog_candidate,Produit/famille à confirmer dans le catalogue fournisseur ou point de vente avant publication du prix.
600,JP-00600,Mil décortiqué,Céréales & féculents,Sans marque,200g,Sénégal,,,,not_verified,non_déterminé,Catalogue de référencement — prix à relever/vérifier,,catalog_candidate,Produit/famille à confirmer dans le catalogue fournisseur ou point de vente avant publication du prix.
601,JP-00601,Mil décortiqué,Céréales & féculents,Sans marque,250g,Sénégal,,,,not_verified,non_déterminé,Catalogue de référencement — prix à relever/vérifier,,catalog_candidate,Produit/famille à confirmer dans le catalogue fournisseur ou point de vente avant publication du prix.
602,JP-00602,Mil décortiqué,Céréales & féculents,Sans marque,400g,Sénégal,,,,not_verified,non_déterminé,Catalogue de référencement — prix à relever/vérifier,,catalog_candidate,Produit/famille à confirmer dans le catalogue fournisseur ou point de vente avant publication du prix.
603,JP-00603,Mil décortiqué,Céréales & féculents,Sans marque,500g,Sénégal,,,,not_verified,non_déterminé,Catalogue de référencement — prix à relever/vérifier,,catalog_candidate,Produit/famille à confirmer dans le catalogue fournisseur ou point de vente avant publication du prix.
604,JP-00604,Mil décortiqué,Céréales & féculents,Sans marque,650g,Sénégal,,,,not_verified,non_déterminé,Catalogue de référencement — prix à relever/vérifier,,catalog_candidate,Produit/famille à confirmer dans le catalogue fournisseur ou point de vente avant publication du prix.
605,JP-00605,Mil décortiqué,Céréales & féculents,Sans marque,800g,Sénégal,,,,not_verified,non_déterminé,Catalogue de référencement — prix à relever/vérifier,,catalog_candidate,Produit/famille à confirmer dans le catalogue fournisseur ou point de vente avant publication du prix.
606,JP-00606,Mil décortiqué,Céréales & féculents,Sans marque,1kg,Sénégal,,,,not_verified,non_déterminé,Catalogue de référencement — prix à relever/vérifier,,catalog_candidate,Produit/famille à confirmer dans le catalogue fournisseur ou point de vente avant publication du prix.
607,JP-00607,Mil décortiqué,Céréales & féculents,Sans marque,2kg,Sénégal,,,,not_verified,non_déterminé,Catalogue de référencement — prix à relever/vérifier,,catalog_candidate,Produit/famille à confirmer dans le catalogue fournisseur ou point de vente avant publication du prix.
608,JP-00608,Mil décortiqué,Céréales & féculents,Sans marque,5kg,Sénégal,,,,not_verified,non_déterminé,Catalogue de référencement — prix à relever/vérifier,,catalog_candidate,Produit/famille à confirmer dans le catalogue fournisseur ou point de vente avant publication du prix.
609,JP-00609,Mil décortiqué,Céréales & féculents,Sans marque,10kg,Sénégal,,,,not_verified,non_déterminé,Catalogue de référencement — prix à relever/vérifier,,catalog_candidate,Produit/famille à confirmer dans le catalogue fournisseur ou point de vente avant publication du prix.
610,JP-00610,Mil décortiqué,Céréales & féculents,Sans marque,25kg,Sénégal,,,,not_verified,non_déterminé,Catalogue de référencement — prix à relever/vérifier,,catalog_candidate,Produit/famille à confirmer dans le catalogue fournisseur ou point de vente avant publication du prix.
611,JP-00611,Mil décortiqué,Céréales & féculents,Sans marque,20L,Sénégal,,,,not_verified,non_déterminé,Catalogue de référencement — prix à relever/vérifier,,catalog_candidate,Produit/famille à confirmer dans le catalogue fournisseur ou point de vente avant publication du prix.
612,JP-00612,Mil décortiqué,Céréales & féculents,Sans marque,250ml,Sénégal,,,,not_verified,non_déterminé,Catalogue de référencement — prix à relever/vérifier,,catalog_candidate,Produit/famille à confirmer dans le catalogue fournisseur ou point de vente avant publication du prix.
613,JP-00613,Mil décortiqué,Céréales & féculents,Sans marque,330ml,Sénégal,,,,not_verified,non_déterminé,Catalogue de référencement — prix à relever/vérifier,,catalog_candidate,Produit/famille à confirmer dans le catalogue fournisseur ou point de vente avant publication du prix.
614,JP-00614,Mil décortiqué,Céréales & féculents,Sans marque,500ml,Sénégal,,,,not_verified,non_déterminé,Catalogue de référencement — prix à relever/vérifier,,catalog_candidate,Produit/famille à confirmer dans le catalogue fournisseur ou point de vente avant publication du prix.
615,JP-00615,Mil décortiqué,Céréales & féculents,Sans marque,1L,Sénégal,,,,not_verified,non_déterminé,Catalogue de référencement — prix à relever/vérifier,,catalog_candidate,Produit/famille à confirmer dans le catalogue fournisseur ou point de vente avant publication du prix.
616,JP-00616,Mil décortiqué,Céréales & féculents,Sans marque,"1,5L",Sénégal,,,,not_verified,non_déterminé,Catalogue de référencement — prix à relever/vérifier,,catalog_candidate,Produit/famille à confirmer dans le catalogue fournisseur ou point de vente avant publication du prix.
617,JP-00617,Mil décortiqué,Céréales & féculents,Sans marque,5L,Sénégal,,,,not_verified,non_déterminé,Catalogue de référencement — prix à relever/vérifier,,catalog_candidate,Produit/famille à confirmer dans le catalogue fournisseur ou point de vente avant publication du prix.
618,JP-00618,Maïs en grains,Céréales & féculents,Sans marque,125g,Sénégal,,,,not_verified,non_déterminé,Catalogue de référencement — prix à relever/vérifier,,catalog_candidate,Produit/famille à confirmer dans le catalogue fournisseur ou point de vente avant publication du prix.
619,JP-00619,Maïs en grains,Céréales & féculents,Sans marque,160g,Sénégal,,,,not_verified,non_déterminé,Catalogue de référencement — prix à relever/vérifier,,catalog_candidate,Produit/famille à confirmer dans le catalogue fournisseur ou point de vente avant publication du prix.
620,JP-00620,Maïs en grains,Céréales & féculents,Sans marque,200g,Sénégal,,,,not_verified,non_déterminé,Catalogue de référencement — prix à relever/vérifier,,catalog_candidate,Produit/famille à confirmer dans le catalogue fournisseur ou point de vente avant publication du prix.
621,JP-00621,Maïs en grains,Céréales & féculents,Sans marque,250g,Sénégal,,,,not_verified,non_déterminé,Catalogue de référencement — prix à relever/vérifier,,catalog_candidate,Produit/famille à confirmer dans le catalogue fournisseur ou point de vente avant publication du prix.
622,JP-00622,Maïs en grains,Céréales & féculents,Sans marque,400g,Sénégal,,,,not_verified,non_déterminé,Catalogue de référencement — prix à relever/vérifier,,catalog_candidate,Produit/famille à confirmer dans le catalogue fournisseur ou point de vente avant publication du prix.
623,JP-00623,Maïs en grains,Céréales & féculents,Sans marque,500g,Sénégal,,,,not_verified,non_déterminé,Catalogue de référencement — prix à relever/vérifier,,catalog_candidate,Produit/famille à confirmer dans le catalogue fournisseur ou point de vente avant publication du prix.
624,JP-00624,Maïs en grains,Céréales & féculents,Sans marque,650g,Sénégal,,,,not_verified,non_déterminé,Catalogue de référencement — prix à relever/vérifier,,catalog_candidate,Produit/famille à confirmer dans le catalogue fournisseur ou point de vente avant publication du prix.
625,JP-00625,Maïs en grains,Céréales & féculents,Sans marque,800g,Sénégal,,,,not_verified,non_déterminé,Catalogue de référencement — prix à relever/vérifier,,catalog_candidate,Produit/famille à confirmer dans le catalogue fournisseur ou point de vente avant publication du prix.
626,JP-00626,Maïs en grains,Céréales & féculents,Sans marque,1kg,Sénégal,,,,not_verified,non_déterminé,Catalogue de référencement — prix à relever/vérifier,,catalog_candidate,Produit/famille à confirmer dans le catalogue fournisseur ou point de vente avant publication du prix.
627,JP-00627,Maïs en grains,Céréales & féculents,Sans marque,2kg,Sénégal,,,,not_verified,non_déterminé,Catalogue de référencement — prix à relever/vérifier,,catalog_candidate,Produit/famille à confirmer dans le catalogue fournisseur ou point de vente avant publication du prix.
628,JP-00628,Maïs en grains,Céréales & féculents,Sans marque,5kg,Sénégal,,,,not_verified,non_déterminé,Catalogue de référencement — prix à relever/vérifier,,catalog_candidate,Produit/famille à confirmer dans le catalogue fournisseur ou point de vente avant publication du prix.
629,JP-00629,Maïs en grains,Céréales & féculents,Sans marque,10kg,Sénégal,,,,not_verified,non_déterminé,Catalogue de référencement — prix à relever/vérifier,,catalog_candidate,Produit/famille à confirmer dans le catalogue fournisseur ou point de vente avant publication du prix.
630,JP-00630,Maïs en grains,Céréales & féculents,Sans marque,25kg,Sénégal,,,,not_verified,non_déterminé,Catalogue de référencement — prix à relever/vérifier,,catalog_candidate,Produit/famille à confirmer dans le catalogue fournisseur ou point de vente avant publication du prix.
631,JP-00631,Maïs en grains,Céréales & féculents,Sans marque,20L,Sénégal,,,,not_verified,non_déterminé,Catalogue de référencement — prix à relever/vérifier,,catalog_candidate,Produit/famille à confirmer dans le catalogue fournisseur ou point de vente avant publication du prix.
632,JP-00632,Maïs en grains,Céréales & féculents,Sans marque,250ml,Sénégal,,,,not_verified,non_déterminé,Catalogue de référencement — prix à relever/vérifier,,catalog_candidate,Produit/famille à confirmer dans le catalogue fournisseur ou point de vente avant publication du prix.
633,JP-00633,Maïs en grains,Céréales & féculents,Sans marque,330ml,Sénégal,,,,not_verified,non_déterminé,Catalogue de référencement — prix à relever/vérifier,,catalog_candidate,Produit/famille à confirmer dans le catalogue fournisseur ou point de vente avant publication du prix.
634,JP-00634,Maïs en grains,Céréales & féculents,Sans marque,500ml,Sénégal,,,,not_verified,non_déterminé,Catalogue de référencement — prix à relever/vérifier,,catalog_candidate,Produit/famille à confirmer dans le catalogue fournisseur ou point de vente avant publication du prix.
635,JP-00635,Maïs en grains,Céréales & féculents,Sans marque,1L,Sénégal,,,,not_verified,non_déterminé,Catalogue de référencement — prix à relever/vérifier,,catalog_candidate,Produit/famille à confirmer dans le catalogue fournisseur ou point de vente avant publication du prix.
636,JP-00636,Maïs en grains,Céréales & féculents,Sans marque,"1,5L",Sénégal,,,,not_verified,non_déterminé,Catalogue de référencement — prix à relever/vérifier,,catalog_candidate,Produit/famille à confirmer dans le catalogue fournisseur ou point de vente avant publication du prix.
637,JP-00637,Maïs en grains,Céréales & féculents,Sans marque,5L,Sénégal,,,,not_verified,non_déterminé,Catalogue de référencement — prix à relever/vérifier,,catalog_candidate,Produit/famille à confirmer dans le catalogue fournisseur ou point de vente avant publication du prix.
638,JP-00638,Maïs moulu,Céréales & féculents,Sans marque,125g,Sénégal,,,,not_verified,non_déterminé,Catalogue de référencement — prix à relever/vérifier,,catalog_candidate,Produit/famille à confirmer dans le catalogue fournisseur ou point de vente avant publication du prix.
639,JP-00639,Maïs moulu,Céréales & féculents,Sans marque,160g,Sénégal,,,,not_verified,non_déterminé,Catalogue de référencement — prix à relever/vérifier,,catalog_candidate,Produit/famille à confirmer dans le catalogue fournisseur ou point de vente avant publication du prix.
640,JP-00640,Maïs moulu,Céréales & féculents,Sans marque,200g,Sénégal,,,,not_verified,non_déterminé,Catalogue de référencement — prix à relever/vérifier,,catalog_candidate,Produit/famille à confirmer dans le catalogue fournisseur ou point de vente avant publication du prix.
641,JP-00641,Maïs moulu,Céréales & féculents,Sans marque,250g,Sénégal,,,,not_verified,non_déterminé,Catalogue de référencement — prix à relever/vérifier,,catalog_candidate,Produit/famille à confirmer dans le catalogue fournisseur ou point de vente avant publication du prix.
642,JP-00642,Maïs moulu,Céréales & féculents,Sans marque,400g,Sénégal,,,,not_verified,non_déterminé,Catalogue de référencement — prix à relever/vérifier,,catalog_candidate,Produit/famille à confirmer dans le catalogue fournisseur ou point de vente avant publication du prix.
643,JP-00643,Maïs moulu,Céréales & féculents,Sans marque,500g,Sénégal,,,,not_verified,non_déterminé,Catalogue de référencement — prix à relever/vérifier,,catalog_candidate,Produit/famille à confirmer dans le catalogue fournisseur ou point de vente avant publication du prix.
644,JP-00644,Maïs moulu,Céréales & féculents,Sans marque,650g,Sénégal,,,,not_verified,non_déterminé,Catalogue de référencement — prix à relever/vérifier,,catalog_candidate,Produit/famille à confirmer dans le catalogue fournisseur ou point de vente avant publication du prix.
645,JP-00645,Maïs moulu,Céréales & féculents,Sans marque,800g,Sénégal,,,,not_verified,non_déterminé,Catalogue de référencement — prix à relever/vérifier,,catalog_candidate,Produit/famille à confirmer dans le catalogue fournisseur ou point de vente avant publication du prix.
646,JP-00646,Maïs moulu,Céréales & féculents,Sans marque,1kg,Sénégal,,,,not_verified,non_déterminé,Catalogue de référencement — prix à relever/vérifier,,catalog_candidate,Produit/famille à confirmer dans le catalogue fournisseur ou point de vente avant publication du prix.
647,JP-00647,Maïs moulu,Céréales & féculents,Sans marque,2kg,Sénégal,,,,not_verified,non_déterminé,Catalogue de référencement — prix à relever/vérifier,,catalog_candidate,Produit/famille à confirmer dans le catalogue fournisseur ou point de vente avant publication du prix.
648,JP-00648,Maïs moulu,Céréales & féculents,Sans marque,5kg,Sénégal,,,,not_verified,non_déterminé,Catalogue de référencement — prix à relever/vérifier,,catalog_candidate,Produit/famille à confirmer dans le catalogue fournisseur ou point de vente avant publication du prix.
649,JP-00649,Maïs moulu,Céréales & féculents,Sans marque,10kg,Sénégal,,,,not_verified,non_déterminé,Catalogue de référencement — prix à relever/vérifier,,catalog_candidate,Produit/famille à confirmer dans le catalogue fournisseur ou point de vente avant publication du prix.
650,JP-00650,Maïs moulu,Céréales & féculents,Sans marque,25kg,Sénégal,,,,not_verified,non_déterminé,Catalogue de référencement — prix à relever/vérifier,,catalog_candidate,Produit/famille à confirmer dans le catalogue fournisseur ou point de vente avant publication du prix.
651,JP-00651,Maïs moulu,Céréales & féculents,Sans marque,20L,Sénégal,,,,not_verified,non_déterminé,Catalogue de référencement — prix à relever/vérifier,,catalog_candidate,Produit/famille à confirmer dans le catalogue fournisseur ou point de vente avant publication du prix.
652,JP-00652,Maïs moulu,Céréales & féculents,Sans marque,250ml,Sénégal,,,,not_verified,non_déterminé,Catalogue de référencement — prix à relever/vérifier,,catalog_candidate,Produit/famille à confirmer dans le catalogue fournisseur ou point de vente avant publication du prix.
653,JP-00653,Maïs moulu,Céréales & féculents,Sans marque,330ml,Sénégal,,,,not_verified,non_déterminé,Catalogue de référencement — prix à relever/vérifier,,catalog_candidate,Produit/famille à confirmer dans le catalogue fournisseur ou point de vente avant publication du prix.
654,JP-00654,Maïs moulu,Céréales & féculents,Sans marque,500ml,Sénégal,,,,not_verified,non_déterminé,Catalogue de référencement — prix à relever/vérifier,,catalog_candidate,Produit/famille à confirmer dans le catalogue fournisseur ou point de vente avant publication du prix.
655,JP-00655,Maïs moulu,Céréales & féculents,Sans marque,1L,Sénégal,,,,not_verified,non_déterminé,Catalogue de référencement — prix à relever/vérifier,,catalog_candidate,Produit/famille à confirmer dans le catalogue fournisseur ou point de vente avant publication du prix.
656,JP-00656,Maïs moulu,Céréales & féculents,Sans marque,"1,5L",Sénégal,,,,not_verified,non_déterminé,Catalogue de référencement — prix à relever/vérifier,,catalog_candidate,Produit/famille à confirmer dans le catalogue fournisseur ou point de vente avant publication du prix.
657,JP-00657,Maïs moulu,Céréales & féculents,Sans marque,5L,Sénégal,,,,not_verified,non_déterminé,Catalogue de référencement — prix à relever/vérifier,,catalog_candidate,Produit/famille à confirmer dans le catalogue fournisseur ou point de vente avant publication du prix.
658,JP-00658,Fonio,Céréales & féculents,Sans marque,125g,Sénégal,,,,not_verified,non_déterminé,Catalogue de référencement — prix à relever/vérifier,,catalog_candidate,Produit/famille à confirmer dans le catalogue fournisseur ou point de vente avant publication du prix.
659,JP-00659,Fonio,Céréales & féculents,Sans marque,160g,Sénégal,,,,not_verified,non_déterminé,Catalogue de référencement — prix à relever/vérifier,,catalog_candidate,Produit/famille à confirmer dans le catalogue fournisseur ou point de vente avant publication du prix.
660,JP-00660,Fonio,Céréales & féculents,Sans marque,200g,Sénégal,,,,not_verified,non_déterminé,Catalogue de référencement — prix à relever/vérifier,,catalog_candidate,Produit/famille à confirmer dans le catalogue fournisseur ou point de vente avant publication du prix.
661,JP-00661,Fonio,Céréales & féculents,Sans marque,250g,Sénégal,,,,not_verified,non_déterminé,Catalogue de référencement — prix à relever/vérifier,,catalog_candidate,Produit/famille à confirmer dans le catalogue fournisseur ou point de vente avant publication du prix.
662,JP-00662,Fonio,Céréales & féculents,Sans marque,400g,Sénégal,,,,not_verified,non_déterminé,Catalogue de référencement — prix à relever/vérifier,,catalog_candidate,Produit/famille à confirmer dans le catalogue fournisseur ou point de vente avant publication du prix.
663,JP-00663,Fonio,Céréales & féculents,Sans marque,500g,Sénégal,,,,not_verified,non_déterminé,Catalogue de référencement — prix à relever/vérifier,,catalog_candidate,Produit/famille à confirmer dans le catalogue fournisseur ou point de vente avant publication du prix.
664,JP-00664,Fonio,Céréales & féculents,Sans marque,650g,Sénégal,,,,not_verified,non_déterminé,Catalogue de référencement — prix à relever/vérifier,,catalog_candidate,Produit/famille à confirmer dans le catalogue fournisseur ou point de vente avant publication du prix.
665,JP-00665,Fonio,Céréales & féculents,Sans marque,800g,Sénégal,,,,not_verified,non_déterminé,Catalogue de référencement — prix à relever/vérifier,,catalog_candidate,Produit/famille à confirmer dans le catalogue fournisseur ou point de vente avant publication du prix.
666,JP-00666,Fonio,Céréales & féculents,Sans marque,1kg,Sénégal,,,,not_verified,non_déterminé,Catalogue de référencement — prix à relever/vérifier,,catalog_candidate,Produit/famille à confirmer dans le catalogue fournisseur ou point de vente avant publication du prix.
667,JP-00667,Fonio,Céréales & féculents,Sans marque,2kg,Sénégal,,,,not_verified,non_déterminé,Catalogue de référencement — prix à relever/vérifier,,catalog_candidate,Produit/famille à confirmer dans le catalogue fournisseur ou point de vente avant publication du prix.
668,JP-00668,Fonio,Céréales & féculents,Sans marque,5kg,Sénégal,,,,not_verified,non_déterminé,Catalogue de référencement — prix à relever/vérifier,,catalog_candidate,Produit/famille à confirmer dans le catalogue fournisseur ou point de vente avant publication du prix.
669,JP-00669,Fonio,Céréales & féculents,Sans marque,10kg,Sénégal,,,,not_verified,non_déterminé,Catalogue de référencement — prix à relever/vérifier,,catalog_candidate,Produit/famille à confirmer dans le catalogue fournisseur ou point de vente avant publication du prix.
670,JP-00670,Fonio,Céréales & féculents,Sans marque,25kg,Sénégal,,,,not_verified,non_déterminé,Catalogue de référencement — prix à relever/vérifier,,catalog_candidate,Produit/famille à confirmer dans le catalogue fournisseur ou point de vente avant publication du prix.
671,JP-00671,Fonio,Céréales & féculents,Sans marque,20L,Sénégal,,,,not_verified,non_déterminé,Catalogue de référencement — prix à relever/vérifier,,catalog_candidate,Produit/famille à confirmer dans le catalogue fournisseur ou point de vente avant publication du prix.
672,JP-00672,Fonio,Céréales & féculents,Sans marque,250ml,Sénégal,,,,not_verified,non_déterminé,Catalogue de référencement — prix à relever/vérifier,,catalog_candidate,Produit/famille à confirmer dans le catalogue fournisseur ou point de vente avant publication du prix.
673,JP-00673,Fonio,Céréales & féculents,Sans marque,330ml,Sénégal,,,,not_verified,non_déterminé,Catalogue de référencement — prix à relever/vérifier,,catalog_candidate,Produit/famille à confirmer dans le catalogue fournisseur ou point de vente avant publication du prix.
674,JP-00674,Fonio,Céréales & féculents,Sans marque,500ml,Sénégal,,,,not_verified,non_déterminé,Catalogue de référencement — prix à relever/vérifier,,catalog_candidate,Produit/famille à confirmer dans le catalogue fournisseur ou point de vente avant publication du prix.
675,JP-00675,Fonio,Céréales & féculents,Sans marque,1L,Sénégal,,,,not_verified,non_déterminé,Catalogue de référencement — prix à relever/vérifier,,catalog_candidate,Produit/famille à confirmer dans le catalogue fournisseur ou point de vente avant publication du prix.
676,JP-00676,Fonio,Céréales & féculents,Sans marque,"1,5L",Sénégal,,,,not_verified,non_déterminé,Catalogue de référencement — prix à relever/vérifier,,catalog_candidate,Produit/famille à confirmer dans le catalogue fournisseur ou point de vente avant publication du prix.
677,JP-00677,Fonio,Céréales & féculents,Sans marque,5L,Sénégal,,,,not_verified,non_déterminé,Catalogue de référencement — prix à relever/vérifier,,catalog_candidate,Produit/famille à confirmer dans le catalogue fournisseur ou point de vente avant publication du prix.
678,JP-00678,Fonio précuit,Céréales & féculents,Sans marque,125g,Sénégal,,,,not_verified,non_déterminé,Catalogue de référencement — prix à relever/vérifier,,catalog_candidate,Produit/famille à confirmer dans le catalogue fournisseur ou point de vente avant publication du prix.
679,JP-00679,Fonio précuit,Céréales & féculents,Sans marque,160g,Sénégal,,,,not_verified,non_déterminé,Catalogue de référencement — prix à relever/vérifier,,catalog_candidate,Produit/famille à confirmer dans le catalogue fournisseur ou point de vente avant publication du prix.
680,JP-00680,Fonio précuit,Céréales & féculents,Sans marque,200g,Sénégal,,,,not_verified,non_déterminé,Catalogue de référencement — prix à relever/vérifier,,catalog_candidate,Produit/famille à confirmer dans le catalogue fournisseur ou point de vente avant publication du prix.
681,JP-00681,Fonio précuit,Céréales & féculents,Sans marque,250g,Sénégal,,,,not_verified,non_déterminé,Catalogue de référencement — prix à relever/vérifier,,catalog_candidate,Produit/famille à confirmer dans le catalogue fournisseur ou point de vente avant publication du prix.
682,JP-00682,Fonio précuit,Céréales & féculents,Sans marque,400g,Sénégal,,,,not_verified,non_déterminé,Catalogue de référencement — prix à relever/vérifier,,catalog_candidate,Produit/famille à confirmer dans le catalogue fournisseur ou point de vente avant publication du prix.
683,JP-00683,Fonio précuit,Céréales & féculents,Sans marque,500g,Sénégal,,,,not_verified,non_déterminé,Catalogue de référencement — prix à relever/vérifier,,catalog_candidate,Produit/famille à confirmer dans le catalogue fournisseur ou point de vente avant publication du prix.
684,JP-00684,Fonio précuit,Céréales & féculents,Sans marque,650g,Sénégal,,,,not_verified,non_déterminé,Catalogue de référencement — prix à relever/vérifier,,catalog_candidate,Produit/famille à confirmer dans le catalogue fournisseur ou point de vente avant publication du prix.
685,JP-00685,Fonio précuit,Céréales & féculents,Sans marque,800g,Sénégal,,,,not_verified,non_déterminé,Catalogue de référencement — prix à relever/vérifier,,catalog_candidate,Produit/famille à confirmer dans le catalogue fournisseur ou point de vente avant publication du prix.
686,JP-00686,Fonio précuit,Céréales & féculents,Sans marque,1kg,Sénégal,,,,not_verified,non_déterminé,Catalogue de référencement — prix à relever/vérifier,,catalog_candidate,Produit/famille à confirmer dans le catalogue fournisseur ou point de vente avant publication du prix.
687,JP-00687,Fonio précuit,Céréales & féculents,Sans marque,2kg,Sénégal,,,,not_verified,non_déterminé,Catalogue de référencement — prix à relever/vérifier,,catalog_candidate,Produit/famille à confirmer dans le catalogue fournisseur ou point de vente avant publication du prix.
688,JP-00688,Fonio précuit,Céréales & féculents,Sans marque,5kg,Sénégal,,,,not_verified,non_déterminé,Catalogue de référencement — prix à relever/vérifier,,catalog_candidate,Produit/famille à confirmer dans le catalogue fournisseur ou point de vente avant publication du prix.
689,JP-00689,Fonio précuit,Céréales & féculents,Sans marque,10kg,Sénégal,,,,not_verified,non_déterminé,Catalogue de référencement — prix à relever/vérifier,,catalog_candidate,Produit/famille à confirmer dans le catalogue fournisseur ou point de vente avant publication du prix.
690,JP-00690,Fonio précuit,Céréales & féculents,Sans marque,25kg,Sénégal,,,,not_verified,non_déterminé,Catalogue de référencement — prix à relever/vérifier,,catalog_candidate,Produit/famille à confirmer dans le catalogue fournisseur ou point de vente avant publication du prix.
691,JP-00691,Fonio précuit,Céréales & féculents,Sans marque,20L,Sénégal,,,,not_verified,non_déterminé,Catalogue de référencement — prix à relever/vérifier,,catalog_candidate,Produit/famille à confirmer dans le catalogue fournisseur ou point de vente avant publication du prix.
692,JP-00692,Fonio précuit,Céréales & féculents,Sans marque,250ml,Sénégal,,,,not_verified,non_déterminé,Catalogue de référencement — prix à relever/vérifier,,catalog_candidate,Produit/famille à confirmer dans le catalogue fournisseur ou point de vente avant publication du prix.
693,JP-00693,Fonio précuit,Céréales & féculents,Sans marque,330ml,Sénégal,,,,not_verified,non_déterminé,Catalogue de référencement — prix à relever/vérifier,,catalog_candidate,Produit/famille à confirmer dans le catalogue fournisseur ou point de vente avant publication du prix.
694,JP-00694,Fonio précuit,Céréales & féculents,Sans marque,500ml,Sénégal,,,,not_verified,non_déterminé,Catalogue de référencement — prix à relever/vérifier,,catalog_candidate,Produit/famille à confirmer dans le catalogue fournisseur ou point de vente avant publication du prix.
695,JP-00695,Fonio précuit,Céréales & féculents,Sans marque,1L,Sénégal,,,,not_verified,non_déterminé,Catalogue de référencement — prix à relever/vérifier,,catalog_candidate,Produit/famille à confirmer dans le catalogue fournisseur ou point de vente avant publication du prix.
696,JP-00696,Fonio précuit,Céréales & féculents,Sans marque,"1,5L",Sénégal,,,,not_verified,non_déterminé,Catalogue de référencement — prix à relever/vérifier,,catalog_candidate,Produit/famille à confirmer dans le catalogue fournisseur ou point de vente avant publication du prix.
697,JP-00697,Fonio précuit,Céréales & féculents,Sans marque,5L,Sénégal,,,,not_verified,non_déterminé,Catalogue de référencement — prix à relever/vérifier,,catalog_candidate,Produit/famille à confirmer dans le catalogue fournisseur ou point de vente avant publication du prix.
698,JP-00698,Sorgho,Céréales & féculents,Sans marque,125g,Sénégal,,,,not_verified,non_déterminé,Catalogue de référencement — prix à relever/vérifier,,catalog_candidate,Produit/famille à confirmer dans le catalogue fournisseur ou point de vente avant publication du prix.
699,JP-00699,Sorgho,Céréales & féculents,Sans marque,160g,Sénégal,,,,not_verified,non_déterminé,Catalogue de référencement — prix à relever/vérifier,,catalog_candidate,Produit/famille à confirmer dans le catalogue fournisseur ou point de vente avant publication du prix.
700,JP-00700,Sorgho,Céréales & féculents,Sans marque,200g,Sénégal,,,,not_verified,non_déterminé,Catalogue de référencement — prix à relever/vérifier,,catalog_candidate,Produit/famille à confirmer dans le catalogue fournisseur ou point de vente avant publication du prix.
701,JP-00701,Sorgho,Céréales & féculents,Sans marque,250g,Sénégal,,,,not_verified,non_déterminé,Catalogue de référencement — prix à relever/vérifier,,catalog_candidate,Produit/famille à confirmer dans le catalogue fournisseur ou point de vente avant publication du prix.
702,JP-00702,Sorgho,Céréales & féculents,Sans marque,400g,Sénégal,,,,not_verified,non_déterminé,Catalogue de référencement — prix à relever/vérifier,,catalog_candidate,Produit/famille à confirmer dans le catalogue fournisseur ou point de vente avant publication du prix.
703,JP-00703,Sorgho,Céréales & féculents,Sans marque,500g,Sénégal,,,,not_verified,non_déterminé,Catalogue de référencement — prix à relever/vérifier,,catalog_candidate,Produit/famille à confirmer dans le catalogue fournisseur ou point de vente avant publication du prix.
704,JP-00704,Sorgho,Céréales & féculents,Sans marque,650g,Sénégal,,,,not_verified,non_déterminé,Catalogue de référencement — prix à relever/vérifier,,catalog_candidate,Produit/famille à confirmer dans le catalogue fournisseur ou point de vente avant publication du prix.
705,JP-00705,Sorgho,Céréales & féculents,Sans marque,800g,Sénégal,,,,not_verified,non_déterminé,Catalogue de référencement — prix à relever/vérifier,,catalog_candidate,Produit/famille à confirmer dans le catalogue fournisseur ou point de vente avant publication du prix.
706,JP-00706,Sorgho,Céréales & féculents,Sans marque,1kg,Sénégal,,,,not_verified,non_déterminé,Catalogue de référencement — prix à relever/vérifier,,catalog_candidate,Produit/famille à confirmer dans le catalogue fournisseur ou point de vente avant publication du prix.
707,JP-00707,Sorgho,Céréales & féculents,Sans marque,2kg,Sénégal,,,,not_verified,non_déterminé,Catalogue de référencement — prix à relever/vérifier,,catalog_candidate,Produit/famille à confirmer dans le catalogue fournisseur ou point de vente avant publication du prix.
708,JP-00708,Sorgho,Céréales & féculents,Sans marque,5kg,Sénégal,,,,not_verified,non_déterminé,Catalogue de référencement — prix à relever/vérifier,,catalog_candidate,Produit/famille à confirmer dans le catalogue fournisseur ou point de vente avant publication du prix.
709,JP-00709,Sorgho,Céréales & féculents,Sans marque,10kg,Sénégal,,,,not_verified,non_déterminé,Catalogue de référencement — prix à relever/vérifier,,catalog_candidate,Produit/famille à confirmer dans le catalogue fournisseur ou point de vente avant publication du prix.
710,JP-00710,Sorgho,Céréales & féculents,Sans marque,25kg,Sénégal,,,,not_verified,non_déterminé,Catalogue de référencement — prix à relever/vérifier,,catalog_candidate,Produit/famille à confirmer dans le catalogue fournisseur ou point de vente avant publication du prix.
711,JP-00711,Sorgho,Céréales & féculents,Sans marque,20L,Sénégal,,,,not_verified,non_déterminé,Catalogue de référencement — prix à relever/vérifier,,catalog_candidate,Produit/famille à confirmer dans le catalogue fournisseur ou point de vente avant publication du prix.
712,JP-00712,Sorgho,Céréales & féculents,Sans marque,250ml,Sénégal,,,,not_verified,non_déterminé,Catalogue de référencement — prix à relever/vérifier,,catalog_candidate,Produit/famille à confirmer dans le catalogue fournisseur ou point de vente avant publication du prix.
713,JP-00713,Sorgho,Céréales & féculents,Sans marque,330ml,Sénégal,,,,not_verified,non_déterminé,Catalogue de référencement — prix à relever/vérifier,,catalog_candidate,Produit/famille à confirmer dans le catalogue fournisseur ou point de vente avant publication du prix.
714,JP-00714,Sorgho,Céréales & féculents,Sans marque,500ml,Sénégal,,,,not_verified,non_déterminé,Catalogue de référencement — prix à relever/vérifier,,catalog_candidate,Produit/famille à confirmer dans le catalogue fournisseur ou point de vente avant publication du prix.
715,JP-00715,Sorgho,Céréales & féculents,Sans marque,1L,Sénégal,,,,not_verified,non_déterminé,Catalogue de référencement — prix à relever/vérifier,,catalog_candidate,Produit/famille à confirmer dans le catalogue fournisseur ou point de vente avant publication du prix.
716,JP-00716,Sorgho,Céréales & féculents,Sans marque,"1,5L",Sénégal,,,,not_verified,non_déterminé,Catalogue de référencement — prix à relever/vérifier,,catalog_candidate,Produit/famille à confirmer dans le catalogue fournisseur ou point de vente avant publication du prix.
717,JP-00717,Sorgho,Céréales & féculents,Sans marque,5L,Sénégal,,,,not_verified,non_déterminé,Catalogue de référencement — prix à relever/vérifier,,catalog_candidate,Produit/famille à confirmer dans le catalogue fournisseur ou point de vente avant publication du prix.
718,JP-00718,Avoine,Céréales & féculents,Sans marque,125g,Sénégal,,,,not_verified,non_déterminé,Catalogue de référencement — prix à relever/vérifier,,catalog_candidate,Produit/famille à confirmer dans le catalogue fournisseur ou point de vente avant publication du prix.
719,JP-00719,Avoine,Céréales & féculents,Sans marque,160g,Sénégal,,,,not_verified,non_déterminé,Catalogue de référencement — prix à relever/vérifier,,catalog_candidate,Produit/famille à confirmer dans le catalogue fournisseur ou point de vente avant publication du prix.
720,JP-00720,Avoine,Céréales & féculents,Sans marque,200g,Sénégal,,,,not_verified,non_déterminé,Catalogue de référencement — prix à relever/vérifier,,catalog_candidate,Produit/famille à confirmer dans le catalogue fournisseur ou point de vente avant publication du prix.
721,JP-00721,Avoine,Céréales & féculents,Sans marque,250g,Sénégal,,,,not_verified,non_déterminé,Catalogue de référencement — prix à relever/vérifier,,catalog_candidate,Produit/famille à confirmer dans le catalogue fournisseur ou point de vente avant publication du prix.
722,JP-00722,Avoine,Céréales & féculents,Sans marque,400g,Sénégal,,,,not_verified,non_déterminé,Catalogue de référencement — prix à relever/vérifier,,catalog_candidate,Produit/famille à confirmer dans le catalogue fournisseur ou point de vente avant publication du prix.
723,JP-00723,Avoine,Céréales & féculents,Sans marque,500g,Sénégal,,,,not_verified,non_déterminé,Catalogue de référencement — prix à relever/vérifier,,catalog_candidate,Produit/famille à confirmer dans le catalogue fournisseur ou point de vente avant publication du prix.
724,JP-00724,Avoine,Céréales & féculents,Sans marque,650g,Sénégal,,,,not_verified,non_déterminé,Catalogue de référencement — prix à relever/vérifier,,catalog_candidate,Produit/famille à confirmer dans le catalogue fournisseur ou point de vente avant publication du prix.
725,JP-00725,Avoine,Céréales & féculents,Sans marque,800g,Sénégal,,,,not_verified,non_déterminé,Catalogue de référencement — prix à relever/vérifier,,catalog_candidate,Produit/famille à confirmer dans le catalogue fournisseur ou point de vente avant publication du prix.
726,JP-00726,Avoine,Céréales & féculents,Sans marque,1kg,Sénégal,,,,not_verified,non_déterminé,Catalogue de référencement — prix à relever/vérifier,,catalog_candidate,Produit/famille à confirmer dans le catalogue fournisseur ou point de vente avant publication du prix.
727,JP-00727,Avoine,Céréales & féculents,Sans marque,2kg,Sénégal,,,,not_verified,non_déterminé,Catalogue de référencement — prix à relever/vérifier,,catalog_candidate,Produit/famille à confirmer dans le catalogue fournisseur ou point de vente avant publication du prix.
728,JP-00728,Avoine,Céréales & féculents,Sans marque,5kg,Sénégal,,,,not_verified,non_déterminé,Catalogue de référencement — prix à relever/vérifier,,catalog_candidate,Produit/famille à confirmer dans le catalogue fournisseur ou point de vente avant publication du prix.
729,JP-00729,Avoine,Céréales & féculents,Sans marque,10kg,Sénégal,,,,not_verified,non_déterminé,Catalogue de référencement — prix à relever/vérifier,,catalog_candidate,Produit/famille à confirmer dans le catalogue fournisseur ou point de vente avant publication du prix.
730,JP-00730,Avoine,Céréales & féculents,Sans marque,25kg,Sénégal,,,,not_verified,non_déterminé,Catalogue de référencement — prix à relever/vérifier,,catalog_candidate,Produit/famille à confirmer dans le catalogue fournisseur ou point de vente avant publication du prix.
731,JP-00731,Avoine,Céréales & féculents,Sans marque,20L,Sénégal,,,,not_verified,non_déterminé,Catalogue de référencement — prix à relever/vérifier,,catalog_candidate,Produit/famille à confirmer dans le catalogue fournisseur ou point de vente avant publication du prix.
732,JP-00732,Avoine,Céréales & féculents,Sans marque,250ml,Sénégal,,,,not_verified,non_déterminé,Catalogue de référencement — prix à relever/vérifier,,catalog_candidate,Produit/famille à confirmer dans le catalogue fournisseur ou point de vente avant publication du prix.
733,JP-00733,Avoine,Céréales & féculents,Sans marque,330ml,Sénégal,,,,not_verified,non_déterminé,Catalogue de référencement — prix à relever/vérifier,,catalog_candidate,Produit/famille à confirmer dans le catalogue fournisseur ou point de vente avant publication du prix.
734,JP-00734,Avoine,Céréales & féculents,Sans marque,500ml,Sénégal,,,,not_verified,non_déterminé,Catalogue de référencement — prix à relever/vérifier,,catalog_candidate,Produit/famille à confirmer dans le catalogue fournisseur ou point de vente avant publication du prix.
735,JP-00735,Avoine,Céréales & féculents,Sans marque,1L,Sénégal,,,,not_verified,non_déterminé,Catalogue de référencement — prix à relever/vérifier,,catalog_candidate,Produit/famille à confirmer dans le catalogue fournisseur ou point de vente avant publication du prix.
736,JP-00736,Avoine,Céréales & féculents,Sans marque,"1,5L",Sénégal,,,,not_verified,non_déterminé,Catalogue de référencement — prix à relever/vérifier,,catalog_candidate,Produit/famille à confirmer dans le catalogue fournisseur ou point de vente avant publication du prix.
737,JP-00737,Avoine,Céréales & féculents,Sans marque,5L,Sénégal,,,,not_verified,non_déterminé,Catalogue de référencement — prix à relever/vérifier,,catalog_candidate,Produit/famille à confirmer dans le catalogue fournisseur ou point de vente avant publication du prix.
738,JP-00738,Couscous fin,Céréales & féculents,Diari,125g,Sénégal,,,,not_verified,non_déterminé,Catalogue de référencement — prix à relever/vérifier,,catalog_candidate,Produit/famille à confirmer dans le catalogue fournisseur ou point de vente avant publication du prix.
739,JP-00739,Couscous fin,Céréales & féculents,Diari,160g,Sénégal,,,,not_verified,non_déterminé,Catalogue de référencement — prix à relever/vérifier,,catalog_candidate,Produit/famille à confirmer dans le catalogue fournisseur ou point de vente avant publication du prix.
740,JP-00740,Couscous fin,Céréales & féculents,Diari,200g,Sénégal,,,,not_verified,non_déterminé,Catalogue de référencement — prix à relever/vérifier,,catalog_candidate,Produit/famille à confirmer dans le catalogue fournisseur ou point de vente avant publication du prix.
741,JP-00741,Couscous fin,Céréales & féculents,Diari,250g,Sénégal,,,,not_verified,non_déterminé,Catalogue de référencement — prix à relever/vérifier,,catalog_candidate,Produit/famille à confirmer dans le catalogue fournisseur ou point de vente avant publication du prix.
742,JP-00742,Couscous fin,Céréales & féculents,Diari,400g,Sénégal,,,,not_verified,non_déterminé,Catalogue de référencement — prix à relever/vérifier,,catalog_candidate,Produit/famille à confirmer dans le catalogue fournisseur ou point de vente avant publication du prix.
743,JP-00743,Couscous fin,Céréales & féculents,Diari,500g,Sénégal,,,,not_verified,non_déterminé,Catalogue de référencement — prix à relever/vérifier,,catalog_candidate,Produit/famille à confirmer dans le catalogue fournisseur ou point de vente avant publication du prix.
744,JP-00744,Couscous fin,Céréales & féculents,Diari,650g,Sénégal,,,,not_verified,non_déterminé,Catalogue de référencement — prix à relever/vérifier,,catalog_candidate,Produit/famille à confirmer dans le catalogue fournisseur ou point de vente avant publication du prix.
745,JP-00745,Couscous fin,Céréales & féculents,Diari,800g,Sénégal,,,,not_verified,non_déterminé,Catalogue de référencement — prix à relever/vérifier,,catalog_candidate,Produit/famille à confirmer dans le catalogue fournisseur ou point de vente avant publication du prix.
746,JP-00746,Couscous fin,Céréales & féculents,Diari,1kg,Sénégal,,,,not_verified,non_déterminé,Catalogue de référencement — prix à relever/vérifier,,catalog_candidate,Produit/famille à confirmer dans le catalogue fournisseur ou point de vente avant publication du prix.
747,JP-00747,Couscous fin,Céréales & féculents,Diari,2kg,Sénégal,,,,not_verified,non_déterminé,Catalogue de référencement — prix à relever/vérifier,,catalog_candidate,Produit/famille à confirmer dans le catalogue fournisseur ou point de vente avant publication du prix.
748,JP-00748,Couscous fin,Céréales & féculents,Diari,5kg,Sénégal,,,,not_verified,non_déterminé,Catalogue de référencement — prix à relever/vérifier,,catalog_candidate,Produit/famille à confirmer dans le catalogue fournisseur ou point de vente avant publication du prix.
749,JP-00749,Couscous fin,Céréales & féculents,Diari,10kg,Sénégal,,,,not_verified,non_déterminé,Catalogue de référencement — prix à relever/vérifier,,catalog_candidate,Produit/famille à confirmer dans le catalogue fournisseur ou point de vente avant publication du prix.
750,JP-00750,Couscous fin,Céréales & féculents,Diari,25kg,Sénégal,,,,not_verified,non_déterminé,Catalogue de référencement — prix à relever/vérifier,,catalog_candidate,Produit/famille à confirmer dans le catalogue fournisseur ou point de vente avant publication du prix.
751,JP-00751,Couscous fin,Céréales & féculents,Diari,20L,Sénégal,,,,not_verified,non_déterminé,Catalogue de référencement — prix à relever/vérifier,,catalog_candidate,Produit/famille à confirmer dans le catalogue fournisseur ou point de vente avant publication du prix.
752,JP-00752,Couscous fin,Céréales & féculents,Diari,250ml,Sénégal,,,,not_verified,non_déterminé,Catalogue de référencement — prix à relever/vérifier,,catalog_candidate,Produit/famille à confirmer dans le catalogue fournisseur ou point de vente avant publication du prix.
753,JP-00753,Couscous fin,Céréales & féculents,Diari,330ml,Sénégal,,,,not_verified,non_déterminé,Catalogue de référencement — prix à relever/vérifier,,catalog_candidate,Produit/famille à confirmer dans le catalogue fournisseur ou point de vente avant publication du prix.
754,JP-00754,Couscous fin,Céréales & féculents,Diari,500ml,Sénégal,,,,not_verified,non_déterminé,Catalogue de référencement — prix à relever/vérifier,,catalog_candidate,Produit/famille à confirmer dans le catalogue fournisseur ou point de vente avant publication du prix.
755,JP-00755,Couscous fin,Céréales & féculents,Diari,1L,Sénégal,,,,not_verified,non_déterminé,Catalogue de référencement — prix à relever/vérifier,,catalog_candidate,Produit/famille à confirmer dans le catalogue fournisseur ou point de vente avant publication du prix.
756,JP-00756,Couscous fin,Céréales & féculents,Diari,"1,5L",Sénégal,,,,not_verified,non_déterminé,Catalogue de référencement — prix à relever/vérifier,,catalog_candidate,Produit/famille à confirmer dans le catalogue fournisseur ou point de vente avant publication du prix.
757,JP-00757,Couscous fin,Céréales & féculents,Diari,5L,Sénégal,,,,not_verified,non_déterminé,Catalogue de référencement — prix à relever/vérifier,,catalog_candidate,Produit/famille à confirmer dans le catalogue fournisseur ou point de vente avant publication du prix.
758,JP-00758,Couscous moyen,Céréales & féculents,Diari,125g,Sénégal,,,,not_verified,non_déterminé,Catalogue de référencement — prix à relever/vérifier,,catalog_candidate,Produit/famille à confirmer dans le catalogue fournisseur ou point de vente avant publication du prix.
759,JP-00759,Couscous moyen,Céréales & féculents,Diari,160g,Sénégal,,,,not_verified,non_déterminé,Catalogue de référencement — prix à relever/vérifier,,catalog_candidate,Produit/famille à confirmer dans le catalogue fournisseur ou point de vente avant publication du prix.
760,JP-00760,Couscous moyen,Céréales & féculents,Diari,200g,Sénégal,,,,not_verified,non_déterminé,Catalogue de référencement — prix à relever/vérifier,,catalog_candidate,Produit/famille à confirmer dans le catalogue fournisseur ou point de vente avant publication du prix.
761,JP-00761,Couscous moyen,Céréales & féculents,Diari,250g,Sénégal,,,,not_verified,non_déterminé,Catalogue de référencement — prix à relever/vérifier,,catalog_candidate,Produit/famille à confirmer dans le catalogue fournisseur ou point de vente avant publication du prix.
762,JP-00762,Couscous moyen,Céréales & féculents,Diari,400g,Sénégal,,,,not_verified,non_déterminé,Catalogue de référencement — prix à relever/vérifier,,catalog_candidate,Produit/famille à confirmer dans le catalogue fournisseur ou point de vente avant publication du prix.
763,JP-00763,Couscous moyen,Céréales & féculents,Diari,500g,Sénégal,,,,not_verified,non_déterminé,Catalogue de référencement — prix à relever/vérifier,,catalog_candidate,Produit/famille à confirmer dans le catalogue fournisseur ou point de vente avant publication du prix.
764,JP-00764,Couscous moyen,Céréales & féculents,Diari,650g,Sénégal,,,,not_verified,non_déterminé,Catalogue de référencement — prix à relever/vérifier,,catalog_candidate,Produit/famille à confirmer dans le catalogue fournisseur ou point de vente avant publication du prix.
765,JP-00765,Couscous moyen,Céréales & féculents,Diari,800g,Sénégal,,,,not_verified,non_déterminé,Catalogue de référencement — prix à relever/vérifier,,catalog_candidate,Produit/famille à confirmer dans le catalogue fournisseur ou point de vente avant publication du prix.
766,JP-00766,Couscous moyen,Céréales & féculents,Diari,1kg,Sénégal,,,,not_verified,non_déterminé,Catalogue de référencement — prix à relever/vérifier,,catalog_candidate,Produit/famille à confirmer dans le catalogue fournisseur ou point de vente avant publication du prix.
767,JP-00767,Couscous moyen,Céréales & féculents,Diari,2kg,Sénégal,,,,not_verified,non_déterminé,Catalogue de référencement — prix à relever/vérifier,,catalog_candidate,Produit/famille à confirmer dans le catalogue fournisseur ou point de vente avant publication du prix.
768,JP-00768,Couscous moyen,Céréales & féculents,Diari,5kg,Sénégal,,,,not_verified,non_déterminé,Catalogue de référencement — prix à relever/vérifier,,catalog_candidate,Produit/famille à confirmer dans le catalogue fournisseur ou point de vente avant publication du prix.
769,JP-00769,Couscous moyen,Céréales & féculents,Diari,10kg,Sénégal,,,,not_verified,non_déterminé,Catalogue de référencement — prix à relever/vérifier,,catalog_candidate,Produit/famille à confirmer dans le catalogue fournisseur ou point de vente avant publication du prix.
770,JP-00770,Couscous moyen,Céréales & féculents,Diari,25kg,Sénégal,,,,not_verified,non_déterminé,Catalogue de référencement — prix à relever/vérifier,,catalog_candidate,Produit/famille à confirmer dans le catalogue fournisseur ou point de vente avant publication du prix.
771,JP-00771,Couscous moyen,Céréales & féculents,Diari,20L,Sénégal,,,,not_verified,non_déterminé,Catalogue de référencement — prix à relever/vérifier,,catalog_candidate,Produit/famille à confirmer dans le catalogue fournisseur ou point de vente avant publication du prix.
772,JP-00772,Couscous moyen,Céréales & féculents,Diari,250ml,Sénégal,,,,not_verified,non_déterminé,Catalogue de référencement — prix à relever/vérifier,,catalog_candidate,Produit/famille à confirmer dans le catalogue fournisseur ou point de vente avant publication du prix.
773,JP-00773,Couscous moyen,Céréales & féculents,Diari,330ml,Sénégal,,,,not_verified,non_déterminé,Catalogue de référencement — prix à relever/vérifier,,catalog_candidate,Produit/famille à confirmer dans le catalogue fournisseur ou point de vente avant publication du prix.
774,JP-00774,Couscous moyen,Céréales & féculents,Diari,500ml,Sénégal,,,,not_verified,non_déterminé,Catalogue de référencement — prix à relever/vérifier,,catalog_candidate,Produit/famille à confirmer dans le catalogue fournisseur ou point de vente avant publication du prix.
775,JP-00775,Couscous moyen,Céréales & féculents,Diari,1L,Sénégal,,,,not_verified,non_déterminé,Catalogue de référencement — prix à relever/vérifier,,catalog_candidate,Produit/famille à confirmer dans le catalogue fournisseur ou point de vente avant publication du prix.
776,JP-00776,Couscous moyen,Céréales & féculents,Diari,"1,5L",Sénégal,,,,not_verified,non_déterminé,Catalogue de référencement — prix à relever/vérifier,,catalog_candidate,Produit/famille à confirmer dans le catalogue fournisseur ou point de vente avant publication du prix.
777,JP-00777,Couscous moyen,Céréales & féculents,Diari,5L,Sénégal,,,,not_verified,non_déterminé,Catalogue de référencement — prix à relever/vérifier,,catalog_candidate,Produit/famille à confirmer dans le catalogue fournisseur ou point de vente avant publication du prix.
778,JP-00778,Couscous de mil,Céréales & féculents,Sans marque,125g,Sénégal,,,,not_verified,non_déterminé,Catalogue de référencement — prix à relever/vérifier,,catalog_candidate,Produit/famille à confirmer dans le catalogue fournisseur ou point de vente avant publication du prix.
779,JP-00779,Couscous de mil,Céréales & féculents,Sans marque,160g,Sénégal,,,,not_verified,non_déterminé,Catalogue de référencement — prix à relever/vérifier,,catalog_candidate,Produit/famille à confirmer dans le catalogue fournisseur ou point de vente avant publication du prix.
780,JP-00780,Couscous de mil,Céréales & féculents,Sans marque,200g,Sénégal,,,,not_verified,non_déterminé,Catalogue de référencement — prix à relever/vérifier,,catalog_candidate,Produit/famille à confirmer dans le catalogue fournisseur ou point de vente avant publication du prix.
781,JP-00781,Couscous de mil,Céréales & féculents,Sans marque,250g,Sénégal,,,,not_verified,non_déterminé,Catalogue de référencement — prix à relever/vérifier,,catalog_candidate,Produit/famille à confirmer dans le catalogue fournisseur ou point de vente avant publication du prix.
782,JP-00782,Couscous de mil,Céréales & féculents,Sans marque,400g,Sénégal,,,,not_verified,non_déterminé,Catalogue de référencement — prix à relever/vérifier,,catalog_candidate,Produit/famille à confirmer dans le catalogue fournisseur ou point de vente avant publication du prix.
783,JP-00783,Couscous de mil,Céréales & féculents,Sans marque,500g,Sénégal,,,,not_verified,non_déterminé,Catalogue de référencement — prix à relever/vérifier,,catalog_candidate,Produit/famille à confirmer dans le catalogue fournisseur ou point de vente avant publication du prix.
784,JP-00784,Couscous de mil,Céréales & féculents,Sans marque,650g,Sénégal,,,,not_verified,non_déterminé,Catalogue de référencement — prix à relever/vérifier,,catalog_candidate,Produit/famille à confirmer dans le catalogue fournisseur ou point de vente avant publication du prix.
785,JP-00785,Couscous de mil,Céréales & féculents,Sans marque,800g,Sénégal,,,,not_verified,non_déterminé,Catalogue de référencement — prix à relever/vérifier,,catalog_candidate,Produit/famille à confirmer dans le catalogue fournisseur ou point de vente avant publication du prix.
786,JP-00786,Couscous de mil,Céréales & féculents,Sans marque,1kg,Sénégal,,,,not_verified,non_déterminé,Catalogue de référencement — prix à relever/vérifier,,catalog_candidate,Produit/famille à confirmer dans le catalogue fournisseur ou point de vente avant publication du prix.
787,JP-00787,Couscous de mil,Céréales & féculents,Sans marque,2kg,Sénégal,,,,not_verified,non_déterminé,Catalogue de référencement — prix à relever/vérifier,,catalog_candidate,Produit/famille à confirmer dans le catalogue fournisseur ou point de vente avant publication du prix.
788,JP-00788,Couscous de mil,Céréales & féculents,Sans marque,5kg,Sénégal,,,,not_verified,non_déterminé,Catalogue de référencement — prix à relever/vérifier,,catalog_candidate,Produit/famille à confirmer dans le catalogue fournisseur ou point de vente avant publication du prix.
789,JP-00789,Couscous de mil,Céréales & féculents,Sans marque,10kg,Sénégal,,,,not_verified,non_déterminé,Catalogue de référencement — prix à relever/vérifier,,catalog_candidate,Produit/famille à confirmer dans le catalogue fournisseur ou point de vente avant publication du prix.
790,JP-00790,Couscous de mil,Céréales & féculents,Sans marque,25kg,Sénégal,,,,not_verified,non_déterminé,Catalogue de référencement — prix à relever/vérifier,,catalog_candidate,Produit/famille à confirmer dans le catalogue fournisseur ou point de vente avant publication du prix.
791,JP-00791,Couscous de mil,Céréales & féculents,Sans marque,20L,Sénégal,,,,not_verified,non_déterminé,Catalogue de référencement — prix à relever/vérifier,,catalog_candidate,Produit/famille à confirmer dans le catalogue fournisseur ou point de vente avant publication du prix.
792,JP-00792,Couscous de mil,Céréales & féculents,Sans marque,250ml,Sénégal,,,,not_verified,non_déterminé,Catalogue de référencement — prix à relever/vérifier,,catalog_candidate,Produit/famille à confirmer dans le catalogue fournisseur ou point de vente avant publication du prix.
793,JP-00793,Couscous de mil,Céréales & féculents,Sans marque,330ml,Sénégal,,,,not_verified,non_déterminé,Catalogue de référencement — prix à relever/vérifier,,catalog_candidate,Produit/famille à confirmer dans le catalogue fournisseur ou point de vente avant publication du prix.
794,JP-00794,Couscous de mil,Céréales & féculents,Sans marque,500ml,Sénégal,,,,not_verified,non_déterminé,Catalogue de référencement — prix à relever/vérifier,,catalog_candidate,Produit/famille à confirmer dans le catalogue fournisseur ou point de vente avant publication du prix.
795,JP-00795,Couscous de mil,Céréales & féculents,Sans marque,1L,Sénégal,,,,not_verified,non_déterminé,Catalogue de référencement — prix à relever/vérifier,,catalog_candidate,Produit/famille à confirmer dans le catalogue fournisseur ou point de vente avant publication du prix.
796,JP-00796,Couscous de mil,Céréales & féculents,Sans marque,"1,5L",Sénégal,,,,not_verified,non_déterminé,Catalogue de référencement — prix à relever/vérifier,,catalog_candidate,Produit/famille à confirmer dans le catalogue fournisseur ou point de vente avant publication du prix.
797,JP-00797,Couscous de mil,Céréales & féculents,Sans marque,5L,Sénégal,,,,not_verified,non_déterminé,Catalogue de référencement — prix à relever/vérifier,,catalog_candidate,Produit/famille à confirmer dans le catalogue fournisseur ou point de vente avant publication du prix.
798,JP-00798,Semoule de maïs,Céréales & féculents,Sans marque,125g,Sénégal,,,,not_verified,non_déterminé,Catalogue de référencement — prix à relever/vérifier,,catalog_candidate,Produit/famille à confirmer dans le catalogue fournisseur ou point de vente avant publication du prix.
799,JP-00799,Semoule de maïs,Céréales & féculents,Sans marque,160g,Sénégal,,,,not_verified,non_déterminé,Catalogue de référencement — prix à relever/vérifier,,catalog_candidate,Produit/famille à confirmer dans le catalogue fournisseur ou point de vente avant publication du prix.
800,JP-00800,Semoule de maïs,Céréales & féculents,Sans marque,200g,Sénégal,,,,not_verified,non_déterminé,Catalogue de référencement — prix à relever/vérifier,,catalog_candidate,Produit/famille à confirmer dans le catalogue fournisseur ou point de vente avant publication du prix.
801,JP-00801,Semoule de maïs,Céréales & féculents,Sans marque,250g,Sénégal,,,,not_verified,non_déterminé,Catalogue de référencement — prix à relever/vérifier,,catalog_candidate,Produit/famille à confirmer dans le catalogue fournisseur ou point de vente avant publication du prix.
802,JP-00802,Semoule de maïs,Céréales & féculents,Sans marque,400g,Sénégal,,,,not_verified,non_déterminé,Catalogue de référencement — prix à relever/vérifier,,catalog_candidate,Produit/famille à confirmer dans le catalogue fournisseur ou point de vente avant publication du prix.
803,JP-00803,Semoule de maïs,Céréales & féculents,Sans marque,500g,Sénégal,,,,not_verified,non_déterminé,Catalogue de référencement — prix à relever/vérifier,,catalog_candidate,Produit/famille à confirmer dans le catalogue fournisseur ou point de vente avant publication du prix.
804,JP-00804,Semoule de maïs,Céréales & féculents,Sans marque,650g,Sénégal,,,,not_verified,non_déterminé,Catalogue de référencement — prix à relever/vérifier,,catalog_candidate,Produit/famille à confirmer dans le catalogue fournisseur ou point de vente avant publication du prix.
805,JP-00805,Semoule de maïs,Céréales & féculents,Sans marque,800g,Sénégal,,,,not_verified,non_déterminé,Catalogue de référencement — prix à relever/vérifier,,catalog_candidate,Produit/famille à confirmer dans le catalogue fournisseur ou point de vente avant publication du prix.
806,JP-00806,Semoule de maïs,Céréales & féculents,Sans marque,1kg,Sénégal,,,,not_verified,non_déterminé,Catalogue de référencement — prix à relever/vérifier,,catalog_candidate,Produit/famille à confirmer dans le catalogue fournisseur ou point de vente avant publication du prix.
807,JP-00807,Semoule de maïs,Céréales & féculents,Sans marque,2kg,Sénégal,,,,not_verified,non_déterminé,Catalogue de référencement — prix à relever/vérifier,,catalog_candidate,Produit/famille à confirmer dans le catalogue fournisseur ou point de vente avant publication du prix.
808,JP-00808,Semoule de maïs,Céréales & féculents,Sans marque,5kg,Sénégal,,,,not_verified,non_déterminé,Catalogue de référencement — prix à relever/vérifier,,catalog_candidate,Produit/famille à confirmer dans le catalogue fournisseur ou point de vente avant publication du prix.
809,JP-00809,Semoule de maïs,Céréales & féculents,Sans marque,10kg,Sénégal,,,,not_verified,non_déterminé,Catalogue de référencement — prix à relever/vérifier,,catalog_candidate,Produit/famille à confirmer dans le catalogue fournisseur ou point de vente avant publication du prix.
810,JP-00810,Semoule de maïs,Céréales & féculents,Sans marque,25kg,Sénégal,,,,not_verified,non_déterminé,Catalogue de référencement — prix à relever/vérifier,,catalog_candidate,Produit/famille à confirmer dans le catalogue fournisseur ou point de vente avant publication du prix.
811,JP-00811,Semoule de maïs,Céréales & féculents,Sans marque,20L,Sénégal,,,,not_verified,non_déterminé,Catalogue de référencement — prix à relever/vérifier,,catalog_candidate,Produit/famille à confirmer dans le catalogue fournisseur ou point de vente avant publication du prix.
812,JP-00812,Semoule de maïs,Céréales & féculents,Sans marque,250ml,Sénégal,,,,not_verified,non_déterminé,Catalogue de référencement — prix à relever/vérifier,,catalog_candidate,Produit/famille à confirmer dans le catalogue fournisseur ou point de vente avant publication du prix.
813,JP-00813,Semoule de maïs,Céréales & féculents,Sans marque,330ml,Sénégal,,,,not_verified,non_déterminé,Catalogue de référencement — prix à relever/vérifier,,catalog_candidate,Produit/famille à confirmer dans le catalogue fournisseur ou point de vente avant publication du prix.
814,JP-00814,Semoule de maïs,Céréales & féculents,Sans marque,500ml,Sénégal,,,,not_verified,non_déterminé,Catalogue de référencement — prix à relever/vérifier,,catalog_candidate,Produit/famille à confirmer dans le catalogue fournisseur ou point de vente avant publication du prix.
815,JP-00815,Semoule de maïs,Céréales & féculents,Sans marque,1L,Sénégal,,,,not_verified,non_déterminé,Catalogue de référencement — prix à relever/vérifier,,catalog_candidate,Produit/famille à confirmer dans le catalogue fournisseur ou point de vente avant publication du prix.
816,JP-00816,Semoule de maïs,Céréales & féculents,Sans marque,"1,5L",Sénégal,,,,not_verified,non_déterminé,Catalogue de référencement — prix à relever/vérifier,,catalog_candidate,Produit/famille à confirmer dans le catalogue fournisseur ou point de vente avant publication du prix.
817,JP-00817,Semoule de maïs,Céréales & féculents,Sans marque,5L,Sénégal,,,,not_verified,non_déterminé,Catalogue de référencement — prix à relever/vérifier,,catalog_candidate,Produit/famille à confirmer dans le catalogue fournisseur ou point de vente avant publication du prix.
818,JP-00818,Spaghetti,Pâtes & nouilles,Barilla,125g,Sénégal,,,,not_verified,non_déterminé,Catalogue de référencement — prix à relever/vérifier,,catalog_candidate,Produit/famille à confirmer dans le catalogue fournisseur ou point de vente avant publication du prix.
819,JP-00819,Spaghetti,Pâtes & nouilles,Barilla,160g,Sénégal,,,,not_verified,non_déterminé,Catalogue de référencement — prix à relever/vérifier,,catalog_candidate,Produit/famille à confirmer dans le catalogue fournisseur ou point de vente avant publication du prix.
820,JP-00820,Spaghetti,Pâtes & nouilles,Barilla,200g,Sénégal,,,,not_verified,non_déterminé,Catalogue de référencement — prix à relever/vérifier,,catalog_candidate,Produit/famille à confirmer dans le catalogue fournisseur ou point de vente avant publication du prix.
821,JP-00821,Spaghetti,Pâtes & nouilles,Barilla,250g,Sénégal,,,,not_verified,non_déterminé,Catalogue de référencement — prix à relever/vérifier,,catalog_candidate,Produit/famille à confirmer dans le catalogue fournisseur ou point de vente avant publication du prix.
822,JP-00822,Spaghetti,Pâtes & nouilles,Barilla,400g,Sénégal,,,,not_verified,non_déterminé,Catalogue de référencement — prix à relever/vérifier,,catalog_candidate,Produit/famille à confirmer dans le catalogue fournisseur ou point de vente avant publication du prix.
823,JP-00823,Spaghetti,Pâtes & nouilles,Barilla,650g,Sénégal,,,,not_verified,non_déterminé,Catalogue de référencement — prix à relever/vérifier,,catalog_candidate,Produit/famille à confirmer dans le catalogue fournisseur ou point de vente avant publication du prix.
824,JP-00824,Spaghetti,Pâtes & nouilles,Barilla,800g,Sénégal,,,,not_verified,non_déterminé,Catalogue de référencement — prix à relever/vérifier,,catalog_candidate,Produit/famille à confirmer dans le catalogue fournisseur ou point de vente avant publication du prix.
825,JP-00825,Spaghetti,Pâtes & nouilles,Barilla,1kg,Sénégal,,,,not_verified,non_déterminé,Catalogue de référencement — prix à relever/vérifier,,catalog_candidate,Produit/famille à confirmer dans le catalogue fournisseur ou point de vente avant publication du prix.
826,JP-00826,Spaghetti,Pâtes & nouilles,Barilla,2kg,Sénégal,,,,not_verified,non_déterminé,Catalogue de référencement — prix à relever/vérifier,,catalog_candidate,Produit/famille à confirmer dans le catalogue fournisseur ou point de vente avant publication du prix.
827,JP-00827,Spaghetti,Pâtes & nouilles,Barilla,5kg,Sénégal,,,,not_verified,non_déterminé,Catalogue de référencement — prix à relever/vérifier,,catalog_candidate,Produit/famille à confirmer dans le catalogue fournisseur ou point de vente avant publication du prix.
828,JP-00828,Spaghetti,Pâtes & nouilles,Barilla,10kg,Sénégal,,,,not_verified,non_déterminé,Catalogue de référencement — prix à relever/vérifier,,catalog_candidate,Produit/famille à confirmer dans le catalogue fournisseur ou point de vente avant publication du prix.
829,JP-00829,Spaghetti,Pâtes & nouilles,Barilla,25kg,Sénégal,,,,not_verified,non_déterminé,Catalogue de référencement — prix à relever/vérifier,,catalog_candidate,Produit/famille à confirmer dans le catalogue fournisseur ou point de vente avant publication du prix.
830,JP-00830,Spaghetti,Pâtes & nouilles,Barilla,20L,Sénégal,,,,not_verified,non_déterminé,Catalogue de référencement — prix à relever/vérifier,,catalog_candidate,Produit/famille à confirmer dans le catalogue fournisseur ou point de vente avant publication du prix.
831,JP-00831,Spaghetti,Pâtes & nouilles,Barilla,250ml,Sénégal,,,,not_verified,non_déterminé,Catalogue de référencement — prix à relever/vérifier,,catalog_candidate,Produit/famille à confirmer dans le catalogue fournisseur ou point de vente avant publication du prix.
832,JP-00832,Spaghetti,Pâtes & nouilles,Barilla,330ml,Sénégal,,,,not_verified,non_déterminé,Catalogue de référencement — prix à relever/vérifier,,catalog_candidate,Produit/famille à confirmer dans le catalogue fournisseur ou point de vente avant publication du prix.
833,JP-00833,Spaghetti,Pâtes & nouilles,Barilla,500ml,Sénégal,,,,not_verified,non_déterminé,Catalogue de référencement — prix à relever/vérifier,,catalog_candidate,Produit/famille à confirmer dans le catalogue fournisseur ou point de vente avant publication du prix.
834,JP-00834,Spaghetti,Pâtes & nouilles,Barilla,1L,Sénégal,,,,not_verified,non_déterminé,Catalogue de référencement — prix à relever/vérifier,,catalog_candidate,Produit/famille à confirmer dans le catalogue fournisseur ou point de vente avant publication du prix.
835,JP-00835,Spaghetti,Pâtes & nouilles,Barilla,"1,5L",Sénégal,,,,not_verified,non_déterminé,Catalogue de référencement — prix à relever/vérifier,,catalog_candidate,Produit/famille à confirmer dans le catalogue fournisseur ou point de vente avant publication du prix.
836,JP-00836,Spaghetti,Pâtes & nouilles,Barilla,5L,Sénégal,,,,not_verified,non_déterminé,Catalogue de référencement — prix à relever/vérifier,,catalog_candidate,Produit/famille à confirmer dans le catalogue fournisseur ou point de vente avant publication du prix.
837,JP-00837,Spaghetti,Pâtes & nouilles,Auntie B,125g,Sénégal,,,,not_verified,non_déterminé,Catalogue de référencement — prix à relever/vérifier,,catalog_candidate,Produit/famille à confirmer dans le catalogue fournisseur ou point de vente avant publication du prix.
838,JP-00838,Spaghetti,Pâtes & nouilles,Auntie B,160g,Sénégal,,,,not_verified,non_déterminé,Catalogue de référencement — prix à relever/vérifier,,catalog_candidate,Produit/famille à confirmer dans le catalogue fournisseur ou point de vente avant publication du prix.
839,JP-00839,Spaghetti,Pâtes & nouilles,Auntie B,200g,Sénégal,,,,not_verified,non_déterminé,Catalogue de référencement — prix à relever/vérifier,,catalog_candidate,Produit/famille à confirmer dans le catalogue fournisseur ou point de vente avant publication du prix.
840,JP-00840,Spaghetti,Pâtes & nouilles,Auntie B,250g,Sénégal,,,,not_verified,non_déterminé,Catalogue de référencement — prix à relever/vérifier,,catalog_candidate,Produit/famille à confirmer dans le catalogue fournisseur ou point de vente avant publication du prix.
841,JP-00841,Spaghetti,Pâtes & nouilles,Auntie B,400g,Sénégal,,,,not_verified,non_déterminé,Catalogue de référencement — prix à relever/vérifier,,catalog_candidate,Produit/famille à confirmer dans le catalogue fournisseur ou point de vente avant publication du prix.
842,JP-00842,Spaghetti,Pâtes & nouilles,Auntie B,650g,Sénégal,,,,not_verified,non_déterminé,Catalogue de référencement — prix à relever/vérifier,,catalog_candidate,Produit/famille à confirmer dans le catalogue fournisseur ou point de vente avant publication du prix.
843,JP-00843,Spaghetti,Pâtes & nouilles,Auntie B,800g,Sénégal,,,,not_verified,non_déterminé,Catalogue de référencement — prix à relever/vérifier,,catalog_candidate,Produit/famille à confirmer dans le catalogue fournisseur ou point de vente avant publication du prix.
844,JP-00844,Spaghetti,Pâtes & nouilles,Auntie B,1kg,Sénégal,,,,not_verified,non_déterminé,Catalogue de référencement — prix à relever/vérifier,,catalog_candidate,Produit/famille à confirmer dans le catalogue fournisseur ou point de vente avant publication du prix.
845,JP-00845,Spaghetti,Pâtes & nouilles,Auntie B,2kg,Sénégal,,,,not_verified,non_déterminé,Catalogue de référencement — prix à relever/vérifier,,catalog_candidate,Produit/famille à confirmer dans le catalogue fournisseur ou point de vente avant publication du prix.
846,JP-00846,Spaghetti,Pâtes & nouilles,Auntie B,5kg,Sénégal,,,,not_verified,non_déterminé,Catalogue de référencement — prix à relever/vérifier,,catalog_candidate,Produit/famille à confirmer dans le catalogue fournisseur ou point de vente avant publication du prix.
847,JP-00847,Spaghetti,Pâtes & nouilles,Auntie B,10kg,Sénégal,,,,not_verified,non_déterminé,Catalogue de référencement — prix à relever/vérifier,,catalog_candidate,Produit/famille à confirmer dans le catalogue fournisseur ou point de vente avant publication du prix.
848,JP-00848,Spaghetti,Pâtes & nouilles,Auntie B,25kg,Sénégal,,,,not_verified,non_déterminé,Catalogue de référencement — prix à relever/vérifier,,catalog_candidate,Produit/famille à confirmer dans le catalogue fournisseur ou point de vente avant publication du prix.
849,JP-00849,Spaghetti,Pâtes & nouilles,Auntie B,20L,Sénégal,,,,not_verified,non_déterminé,Catalogue de référencement — prix à relever/vérifier,,catalog_candidate,Produit/famille à confirmer dans le catalogue fournisseur ou point de vente avant publication du prix.
850,JP-00850,Spaghetti,Pâtes & nouilles,Auntie B,250ml,Sénégal,,,,not_verified,non_déterminé,Catalogue de référencement — prix à relever/vérifier,,catalog_candidate,Produit/famille à confirmer dans le catalogue fournisseur ou point de vente avant publication du prix.
851,JP-00851,Spaghetti,Pâtes & nouilles,Auntie B,330ml,Sénégal,,,,not_verified,non_déterminé,Catalogue de référencement — prix à relever/vérifier,,catalog_candidate,Produit/famille à confirmer dans le catalogue fournisseur ou point de vente avant publication du prix.
852,JP-00852,Spaghetti,Pâtes & nouilles,Auntie B,500ml,Sénégal,,,,not_verified,non_déterminé,Catalogue de référencement — prix à relever/vérifier,,catalog_candidate,Produit/famille à confirmer dans le catalogue fournisseur ou point de vente avant publication du prix.
853,JP-00853,Spaghetti,Pâtes & nouilles,Auntie B,1L,Sénégal,,,,not_verified,non_déterminé,Catalogue de référencement — prix à relever/vérifier,,catalog_candidate,Produit/famille à confirmer dans le catalogue fournisseur ou point de vente avant publication du prix.
854,JP-00854,Spaghetti,Pâtes & nouilles,Auntie B,"1,5L",Sénégal,,,,not_verified,non_déterminé,Catalogue de référencement — prix à relever/vérifier,,catalog_candidate,Produit/famille à confirmer dans le catalogue fournisseur ou point de vente avant publication du prix.
855,JP-00855,Spaghetti,Pâtes & nouilles,Auntie B,5L,Sénégal,,,,not_verified,non_déterminé,Catalogue de référencement — prix à relever/vérifier,,catalog_candidate,Produit/famille à confirmer dans le catalogue fournisseur ou point de vente avant publication du prix.
856,JP-00856,Spaghetti,Pâtes & nouilles,Pastami,125g,Sénégal,,,,not_verified,non_déterminé,Catalogue de référencement — prix à relever/vérifier,,catalog_candidate,Produit/famille à confirmer dans le catalogue fournisseur ou point de vente avant publication du prix.
857,JP-00857,Spaghetti,Pâtes & nouilles,Pastami,160g,Sénégal,,,,not_verified,non_déterminé,Catalogue de référencement — prix à relever/vérifier,,catalog_candidate,Produit/famille à confirmer dans le catalogue fournisseur ou point de vente avant publication du prix.
858,JP-00858,Spaghetti,Pâtes & nouilles,Pastami,200g,Sénégal,,,,not_verified,non_déterminé,Catalogue de référencement — prix à relever/vérifier,,catalog_candidate,Produit/famille à confirmer dans le catalogue fournisseur ou point de vente avant publication du prix.
859,JP-00859,Spaghetti,Pâtes & nouilles,Pastami,250g,Sénégal,,,,not_verified,non_déterminé,Catalogue de référencement — prix à relever/vérifier,,catalog_candidate,Produit/famille à confirmer dans le catalogue fournisseur ou point de vente avant publication du prix.
860,JP-00860,Spaghetti,Pâtes & nouilles,Pastami,400g,Sénégal,,,,not_verified,non_déterminé,Catalogue de référencement — prix à relever/vérifier,,catalog_candidate,Produit/famille à confirmer dans le catalogue fournisseur ou point de vente avant publication du prix.
861,JP-00861,Spaghetti,Pâtes & nouilles,Pastami,650g,Sénégal,,,,not_verified,non_déterminé,Catalogue de référencement — prix à relever/vérifier,,catalog_candidate,Produit/famille à confirmer dans le catalogue fournisseur ou point de vente avant publication du prix.
862,JP-00862,Spaghetti,Pâtes & nouilles,Pastami,800g,Sénégal,,,,not_verified,non_déterminé,Catalogue de référencement — prix à relever/vérifier,,catalog_candidate,Produit/famille à confirmer dans le catalogue fournisseur ou point de vente avant publication du prix.
863,JP-00863,Spaghetti,Pâtes & nouilles,Pastami,1kg,Sénégal,,,,not_verified,non_déterminé,Catalogue de référencement — prix à relever/vérifier,,catalog_candidate,Produit/famille à confirmer dans le catalogue fournisseur ou point de vente avant publication du prix.
864,JP-00864,Spaghetti,Pâtes & nouilles,Pastami,2kg,Sénégal,,,,not_verified,non_déterminé,Catalogue de référencement — prix à relever/vérifier,,catalog_candidate,Produit/famille à confirmer dans le catalogue fournisseur ou point de vente avant publication du prix.
865,JP-00865,Spaghetti,Pâtes & nouilles,Pastami,5kg,Sénégal,,,,not_verified,non_déterminé,Catalogue de référencement — prix à relever/vérifier,,catalog_candidate,Produit/famille à confirmer dans le catalogue fournisseur ou point de vente avant publication du prix.
866,JP-00866,Spaghetti,Pâtes & nouilles,Pastami,10kg,Sénégal,,,,not_verified,non_déterminé,Catalogue de référencement — prix à relever/vérifier,,catalog_candidate,Produit/famille à confirmer dans le catalogue fournisseur ou point de vente avant publication du prix.
867,JP-00867,Spaghetti,Pâtes & nouilles,Pastami,25kg,Sénégal,,,,not_verified,non_déterminé,Catalogue de référencement — prix à relever/vérifier,,catalog_candidate,Produit/famille à confirmer dans le catalogue fournisseur ou point de vente avant publication du prix.
868,JP-00868,Spaghetti,Pâtes & nouilles,Pastami,20L,Sénégal,,,,not_verified,non_déterminé,Catalogue de référencement — prix à relever/vérifier,,catalog_candidate,Produit/famille à confirmer dans le catalogue fournisseur ou point de vente avant publication du prix.
869,JP-00869,Spaghetti,Pâtes & nouilles,Pastami,250ml,Sénégal,,,,not_verified,non_déterminé,Catalogue de référencement — prix à relever/vérifier,,catalog_candidate,Produit/famille à confirmer dans le catalogue fournisseur ou point de vente avant publication du prix.
870,JP-00870,Spaghetti,Pâtes & nouilles,Pastami,330ml,Sénégal,,,,not_verified,non_déterminé,Catalogue de référencement — prix à relever/vérifier,,catalog_candidate,Produit/famille à confirmer dans le catalogue fournisseur ou point de vente avant publication du prix.
871,JP-00871,Spaghetti,Pâtes & nouilles,Pastami,500ml,Sénégal,,,,not_verified,non_déterminé,Catalogue de référencement — prix à relever/vérifier,,catalog_candidate,Produit/famille à confirmer dans le catalogue fournisseur ou point de vente avant publication du prix.
872,JP-00872,Spaghetti,Pâtes & nouilles,Pastami,1L,Sénégal,,,,not_verified,non_déterminé,Catalogue de référencement — prix à relever/vérifier,,catalog_candidate,Produit/famille à confirmer dans le catalogue fournisseur ou point de vente avant publication du prix.
873,JP-00873,Spaghetti,Pâtes & nouilles,Pastami,"1,5L",Sénégal,,,,not_verified,non_déterminé,Catalogue de référencement — prix à relever/vérifier,,catalog_candidate,Produit/famille à confirmer dans le catalogue fournisseur ou point de vente avant publication du prix.
874,JP-00874,Spaghetti,Pâtes & nouilles,Pastami,5L,Sénégal,,,,not_verified,non_déterminé,Catalogue de référencement — prix à relever/vérifier,,catalog_candidate,Produit/famille à confirmer dans le catalogue fournisseur ou point de vente avant publication du prix.
875,JP-00875,Spaghetti,Pâtes & nouilles,Maman,125g,Sénégal,,,,not_verified,non_déterminé,Catalogue de référencement — prix à relever/vérifier,,catalog_candidate,Produit/famille à confirmer dans le catalogue fournisseur ou point de vente avant publication du prix.
876,JP-00876,Spaghetti,Pâtes & nouilles,Maman,160g,Sénégal,,,,not_verified,non_déterminé,Catalogue de référencement — prix à relever/vérifier,,catalog_candidate,Produit/famille à confirmer dans le catalogue fournisseur ou point de vente avant publication du prix.
877,JP-00877,Spaghetti,Pâtes & nouilles,Maman,200g,Sénégal,,,,not_verified,non_déterminé,Catalogue de référencement — prix à relever/vérifier,,catalog_candidate,Produit/famille à confirmer dans le catalogue fournisseur ou point de vente avant publication du prix.
878,JP-00878,Spaghetti,Pâtes & nouilles,Maman,250g,Sénégal,,,,not_verified,non_déterminé,Catalogue de référencement — prix à relever/vérifier,,catalog_candidate,Produit/famille à confirmer dans le catalogue fournisseur ou point de vente avant publication du prix.
879,JP-00879,Spaghetti,Pâtes & nouilles,Maman,400g,Sénégal,,,,not_verified,non_déterminé,Catalogue de référencement — prix à relever/vérifier,,catalog_candidate,Produit/famille à confirmer dans le catalogue fournisseur ou point de vente avant publication du prix.
880,JP-00880,Spaghetti,Pâtes & nouilles,Maman,650g,Sénégal,,,,not_verified,non_déterminé,Catalogue de référencement — prix à relever/vérifier,,catalog_candidate,Produit/famille à confirmer dans le catalogue fournisseur ou point de vente avant publication du prix.
881,JP-00881,Spaghetti,Pâtes & nouilles,Maman,800g,Sénégal,,,,not_verified,non_déterminé,Catalogue de référencement — prix à relever/vérifier,,catalog_candidate,Produit/famille à confirmer dans le catalogue fournisseur ou point de vente avant publication du prix.
882,JP-00882,Spaghetti,Pâtes & nouilles,Maman,1kg,Sénégal,,,,not_verified,non_déterminé,Catalogue de référencement — prix à relever/vérifier,,catalog_candidate,Produit/famille à confirmer dans le catalogue fournisseur ou point de vente avant publication du prix.
883,JP-00883,Spaghetti,Pâtes & nouilles,Maman,2kg,Sénégal,,,,not_verified,non_déterminé,Catalogue de référencement — prix à relever/vérifier,,catalog_candidate,Produit/famille à confirmer dans le catalogue fournisseur ou point de vente avant publication du prix.
884,JP-00884,Spaghetti,Pâtes & nouilles,Maman,5kg,Sénégal,,,,not_verified,non_déterminé,Catalogue de référencement — prix à relever/vérifier,,catalog_candidate,Produit/famille à confirmer dans le catalogue fournisseur ou point de vente avant publication du prix.
885,JP-00885,Spaghetti,Pâtes & nouilles,Maman,10kg,Sénégal,,,,not_verified,non_déterminé,Catalogue de référencement — prix à relever/vérifier,,catalog_candidate,Produit/famille à confirmer dans le catalogue fournisseur ou point de vente avant publication du prix.
886,JP-00886,Spaghetti,Pâtes & nouilles,Maman,25kg,Sénégal,,,,not_verified,non_déterminé,Catalogue de référencement — prix à relever/vérifier,,catalog_candidate,Produit/famille à confirmer dans le catalogue fournisseur ou point de vente avant publication du prix.
887,JP-00887,Spaghetti,Pâtes & nouilles,Maman,20L,Sénégal,,,,not_verified,non_déterminé,Catalogue de référencement — prix à relever/vérifier,,catalog_candidate,Produit/famille à confirmer dans le catalogue fournisseur ou point de vente avant publication du prix.
888,JP-00888,Spaghetti,Pâtes & nouilles,Maman,250ml,Sénégal,,,,not_verified,non_déterminé,Catalogue de référencement — prix à relever/vérifier,,catalog_candidate,Produit/famille à confirmer dans le catalogue fournisseur ou point de vente avant publication du prix.
889,JP-00889,Spaghetti,Pâtes & nouilles,Maman,330ml,Sénégal,,,,not_verified,non_déterminé,Catalogue de référencement — prix à relever/vérifier,,catalog_candidate,Produit/famille à confirmer dans le catalogue fournisseur ou point de vente avant publication du prix.
890,JP-00890,Spaghetti,Pâtes & nouilles,Maman,500ml,Sénégal,,,,not_verified,non_déterminé,Catalogue de référencement — prix à relever/vérifier,,catalog_candidate,Produit/famille à confirmer dans le catalogue fournisseur ou point de vente avant publication du prix.
891,JP-00891,Spaghetti,Pâtes & nouilles,Maman,1L,Sénégal,,,,not_verified,non_déterminé,Catalogue de référencement — prix à relever/vérifier,,catalog_candidate,Produit/famille à confirmer dans le catalogue fournisseur ou point de vente avant publication du prix.
892,JP-00892,Spaghetti,Pâtes & nouilles,Maman,"1,5L",Sénégal,,,,not_verified,non_déterminé,Catalogue de référencement — prix à relever/vérifier,,catalog_candidate,Produit/famille à confirmer dans le catalogue fournisseur ou point de vente avant publication du prix.
893,JP-00893,Spaghetti,Pâtes & nouilles,Maman,5L,Sénégal,,,,not_verified,non_déterminé,Catalogue de référencement — prix à relever/vérifier,,catalog_candidate,Produit/famille à confirmer dans le catalogue fournisseur ou point de vente avant publication du prix.
894,JP-00894,Macaroni,Pâtes & nouilles,Barilla,125g,Sénégal,,,,not_verified,non_déterminé,Catalogue de référencement — prix à relever/vérifier,,catalog_candidate,Produit/famille à confirmer dans le catalogue fournisseur ou point de vente avant publication du prix.
895,JP-00895,Macaroni,Pâtes & nouilles,Barilla,160g,Sénégal,,,,not_verified,non_déterminé,Catalogue de référencement — prix à relever/vérifier,,catalog_candidate,Produit/famille à confirmer dans le catalogue fournisseur ou point de vente avant publication du prix.
896,JP-00896,Macaroni,Pâtes & nouilles,Barilla,200g,Sénégal,,,,not_verified,non_déterminé,Catalogue de référencement — prix à relever/vérifier,,catalog_candidate,Produit/famille à confirmer dans le catalogue fournisseur ou point de vente avant publication du prix.
897,JP-00897,Macaroni,Pâtes & nouilles,Barilla,250g,Sénégal,,,,not_verified,non_déterminé,Catalogue de référencement — prix à relever/vérifier,,catalog_candidate,Produit/famille à confirmer dans le catalogue fournisseur ou point de vente avant publication du prix.
898,JP-00898,Macaroni,Pâtes & nouilles,Barilla,400g,Sénégal,,,,not_verified,non_déterminé,Catalogue de référencement — prix à relever/vérifier,,catalog_candidate,Produit/famille à confirmer dans le catalogue fournisseur ou point de vente avant publication du prix.
899,JP-00899,Macaroni,Pâtes & nouilles,Barilla,650g,Sénégal,,,,not_verified,non_déterminé,Catalogue de référencement — prix à relever/vérifier,,catalog_candidate,Produit/famille à confirmer dans le catalogue fournisseur ou point de vente avant publication du prix.
900,JP-00900,Macaroni,Pâtes & nouilles,Barilla,800g,Sénégal,,,,not_verified,non_déterminé,Catalogue de référencement — prix à relever/vérifier,,catalog_candidate,Produit/famille à confirmer dans le catalogue fournisseur ou point de vente avant publication du prix.
901,JP-00901,Macaroni,Pâtes & nouilles,Barilla,1kg,Sénégal,,,,not_verified,non_déterminé,Catalogue de référencement — prix à relever/vérifier,,catalog_candidate,Produit/famille à confirmer dans le catalogue fournisseur ou point de vente avant publication du prix.
902,JP-00902,Macaroni,Pâtes & nouilles,Barilla,2kg,Sénégal,,,,not_verified,non_déterminé,Catalogue de référencement — prix à relever/vérifier,,catalog_candidate,Produit/famille à confirmer dans le catalogue fournisseur ou point de vente avant publication du prix.
903,JP-00903,Macaroni,Pâtes & nouilles,Barilla,5kg,Sénégal,,,,not_verified,non_déterminé,Catalogue de référencement — prix à relever/vérifier,,catalog_candidate,Produit/famille à confirmer dans le catalogue fournisseur ou point de vente avant publication du prix.
904,JP-00904,Macaroni,Pâtes & nouilles,Barilla,10kg,Sénégal,,,,not_verified,non_déterminé,Catalogue de référencement — prix à relever/vérifier,,catalog_candidate,Produit/famille à confirmer dans le catalogue fournisseur ou point de vente avant publication du prix.
905,JP-00905,Macaroni,Pâtes & nouilles,Barilla,25kg,Sénégal,,,,not_verified,non_déterminé,Catalogue de référencement — prix à relever/vérifier,,catalog_candidate,Produit/famille à confirmer dans le catalogue fournisseur ou point de vente avant publication du prix.
906,JP-00906,Macaroni,Pâtes & nouilles,Barilla,20L,Sénégal,,,,not_verified,non_déterminé,Catalogue de référencement — prix à relever/vérifier,,catalog_candidate,Produit/famille à confirmer dans le catalogue fournisseur ou point de vente avant publication du prix.
907,JP-00907,Macaroni,Pâtes & nouilles,Barilla,250ml,Sénégal,,,,not_verified,non_déterminé,Catalogue de référencement — prix à relever/vérifier,,catalog_candidate,Produit/famille à confirmer dans le catalogue fournisseur ou point de vente avant publication du prix.
908,JP-00908,Macaroni,Pâtes & nouilles,Barilla,330ml,Sénégal,,,,not_verified,non_déterminé,Catalogue de référencement — prix à relever/vérifier,,catalog_candidate,Produit/famille à confirmer dans le catalogue fournisseur ou point de vente avant publication du prix.
909,JP-00909,Macaroni,Pâtes & nouilles,Barilla,500ml,Sénégal,,,,not_verified,non_déterminé,Catalogue de référencement — prix à relever/vérifier,,catalog_candidate,Produit/famille à confirmer dans le catalogue fournisseur ou point de vente avant publication du prix.
910,JP-00910,Macaroni,Pâtes & nouilles,Barilla,1L,Sénégal,,,,not_verified,non_déterminé,Catalogue de référencement — prix à relever/vérifier,,catalog_candidate,Produit/famille à confirmer dans le catalogue fournisseur ou point de vente avant publication du prix.
911,JP-00911,Macaroni,Pâtes & nouilles,Barilla,"1,5L",Sénégal,,,,not_verified,non_déterminé,Catalogue de référencement — prix à relever/vérifier,,catalog_candidate,Produit/famille à confirmer dans le catalogue fournisseur ou point de vente avant publication du prix.
912,JP-00912,Macaroni,Pâtes & nouilles,Barilla,5L,Sénégal,,,,not_verified,non_déterminé,Catalogue de référencement — prix à relever/vérifier,,catalog_candidate,Produit/famille à confirmer dans le catalogue fournisseur ou point de vente avant publication du prix.
913,JP-00913,Macaroni,Pâtes & nouilles,Pastami,125g,Sénégal,,,,not_verified,non_déterminé,Catalogue de référencement — prix à relever/vérifier,,catalog_candidate,Produit/famille à confirmer dans le catalogue fournisseur ou point de vente avant publication du prix.
914,JP-00914,Macaroni,Pâtes & nouilles,Pastami,160g,Sénégal,,,,not_verified,non_déterminé,Catalogue de référencement — prix à relever/vérifier,,catalog_candidate,Produit/famille à confirmer dans le catalogue fournisseur ou point de vente avant publication du prix.
915,JP-00915,Macaroni,Pâtes & nouilles,Pastami,200g,Sénégal,,,,not_verified,non_déterminé,Catalogue de référencement — prix à relever/vérifier,,catalog_candidate,Produit/famille à confirmer dans le catalogue fournisseur ou point de vente avant publication du prix.
916,JP-00916,Macaroni,Pâtes & nouilles,Pastami,250g,Sénégal,,,,not_verified,non_déterminé,Catalogue de référencement — prix à relever/vérifier,,catalog_candidate,Produit/famille à confirmer dans le catalogue fournisseur ou point de vente avant publication du prix.
917,JP-00917,Macaroni,Pâtes & nouilles,Pastami,400g,Sénégal,,,,not_verified,non_déterminé,Catalogue de référencement — prix à relever/vérifier,,catalog_candidate,Produit/famille à confirmer dans le catalogue fournisseur ou point de vente avant publication du prix.
918,JP-00918,Macaroni,Pâtes & nouilles,Pastami,650g,Sénégal,,,,not_verified,non_déterminé,Catalogue de référencement — prix à relever/vérifier,,catalog_candidate,Produit/famille à confirmer dans le catalogue fournisseur ou point de vente avant publication du prix.
919,JP-00919,Macaroni,Pâtes & nouilles,Pastami,800g,Sénégal,,,,not_verified,non_déterminé,Catalogue de référencement — prix à relever/vérifier,,catalog_candidate,Produit/famille à confirmer dans le catalogue fournisseur ou point de vente avant publication du prix.
920,JP-00920,Macaroni,Pâtes & nouilles,Pastami,1kg,Sénégal,,,,not_verified,non_déterminé,Catalogue de référencement — prix à relever/vérifier,,catalog_candidate,Produit/famille à confirmer dans le catalogue fournisseur ou point de vente avant publication du prix.
921,JP-00921,Macaroni,Pâtes & nouilles,Pastami,2kg,Sénégal,,,,not_verified,non_déterminé,Catalogue de référencement — prix à relever/vérifier,,catalog_candidate,Produit/famille à confirmer dans le catalogue fournisseur ou point de vente avant publication du prix.
922,JP-00922,Macaroni,Pâtes & nouilles,Pastami,5kg,Sénégal,,,,not_verified,non_déterminé,Catalogue de référencement — prix à relever/vérifier,,catalog_candidate,Produit/famille à confirmer dans le catalogue fournisseur ou point de vente avant publication du prix.
923,JP-00923,Macaroni,Pâtes & nouilles,Pastami,10kg,Sénégal,,,,not_verified,non_déterminé,Catalogue de référencement — prix à relever/vérifier,,catalog_candidate,Produit/famille à confirmer dans le catalogue fournisseur ou point de vente avant publication du prix.
924,JP-00924,Macaroni,Pâtes & nouilles,Pastami,25kg,Sénégal,,,,not_verified,non_déterminé,Catalogue de référencement — prix à relever/vérifier,,catalog_candidate,Produit/famille à confirmer dans le catalogue fournisseur ou point de vente avant publication du prix.
925,JP-00925,Macaroni,Pâtes & nouilles,Pastami,20L,Sénégal,,,,not_verified,non_déterminé,Catalogue de référencement — prix à relever/vérifier,,catalog_candidate,Produit/famille à confirmer dans le catalogue fournisseur ou point de vente avant publication du prix.
926,JP-00926,Macaroni,Pâtes & nouilles,Pastami,250ml,Sénégal,,,,not_verified,non_déterminé,Catalogue de référencement — prix à relever/vérifier,,catalog_candidate,Produit/famille à confirmer dans le catalogue fournisseur ou point de vente avant publication du prix.
927,JP-00927,Macaroni,Pâtes & nouilles,Pastami,330ml,Sénégal,,,,not_verified,non_déterminé,Catalogue de référencement — prix à relever/vérifier,,catalog_candidate,Produit/famille à confirmer dans le catalogue fournisseur ou point de vente avant publication du prix.
928,JP-00928,Macaroni,Pâtes & nouilles,Pastami,500ml,Sénégal,,,,not_verified,non_déterminé,Catalogue de référencement — prix à relever/vérifier,,catalog_candidate,Produit/famille à confirmer dans le catalogue fournisseur ou point de vente avant publication du prix.
929,JP-00929,Macaroni,Pâtes & nouilles,Pastami,1L,Sénégal,,,,not_verified,non_déterminé,Catalogue de référencement — prix à relever/vérifier,,catalog_candidate,Produit/famille à confirmer dans le catalogue fournisseur ou point de vente avant publication du prix.
930,JP-00930,Macaroni,Pâtes & nouilles,Pastami,"1,5L",Sénégal,,,,not_verified,non_déterminé,Catalogue de référencement — prix à relever/vérifier,,catalog_candidate,Produit/famille à confirmer dans le catalogue fournisseur ou point de vente avant publication du prix.
931,JP-00931,Macaroni,Pâtes & nouilles,Pastami,5L,Sénégal,,,,not_verified,non_déterminé,Catalogue de référencement — prix à relever/vérifier,,catalog_candidate,Produit/famille à confirmer dans le catalogue fournisseur ou point de vente avant publication du prix.
932,JP-00932,Penne,Pâtes & nouilles,Barilla,125g,Sénégal,,,,not_verified,non_déterminé,Catalogue de référencement — prix à relever/vérifier,,catalog_candidate,Produit/famille à confirmer dans le catalogue fournisseur ou point de vente avant publication du prix.
933,JP-00933,Penne,Pâtes & nouilles,Barilla,160g,Sénégal,,,,not_verified,non_déterminé,Catalogue de référencement — prix à relever/vérifier,,catalog_candidate,Produit/famille à confirmer dans le catalogue fournisseur ou point de vente avant publication du prix.
934,JP-00934,Penne,Pâtes & nouilles,Barilla,200g,Sénégal,,,,not_verified,non_déterminé,Catalogue de référencement — prix à relever/vérifier,,catalog_candidate,Produit/famille à confirmer dans le catalogue fournisseur ou point de vente avant publication du prix.
935,JP-00935,Penne,Pâtes & nouilles,Barilla,250g,Sénégal,,,,not_verified,non_déterminé,Catalogue de référencement — prix à relever/vérifier,,catalog_candidate,Produit/famille à confirmer dans le catalogue fournisseur ou point de vente avant publication du prix.
936,JP-00936,Penne,Pâtes & nouilles,Barilla,400g,Sénégal,,,,not_verified,non_déterminé,Catalogue de référencement — prix à relever/vérifier,,catalog_candidate,Produit/famille à confirmer dans le catalogue fournisseur ou point de vente avant publication du prix.
937,JP-00937,Penne,Pâtes & nouilles,Barilla,650g,Sénégal,,,,not_verified,non_déterminé,Catalogue de référencement — prix à relever/vérifier,,catalog_candidate,Produit/famille à confirmer dans le catalogue fournisseur ou point de vente avant publication du prix.
938,JP-00938,Penne,Pâtes & nouilles,Barilla,800g,Sénégal,,,,not_verified,non_déterminé,Catalogue de référencement — prix à relever/vérifier,,catalog_candidate,Produit/famille à confirmer dans le catalogue fournisseur ou point de vente avant publication du prix.
939,JP-00939,Penne,Pâtes & nouilles,Barilla,1kg,Sénégal,,,,not_verified,non_déterminé,Catalogue de référencement — prix à relever/vérifier,,catalog_candidate,Produit/famille à confirmer dans le catalogue fournisseur ou point de vente avant publication du prix.
940,JP-00940,Penne,Pâtes & nouilles,Barilla,2kg,Sénégal,,,,not_verified,non_déterminé,Catalogue de référencement — prix à relever/vérifier,,catalog_candidate,Produit/famille à confirmer dans le catalogue fournisseur ou point de vente avant publication du prix.
941,JP-00941,Penne,Pâtes & nouilles,Barilla,5kg,Sénégal,,,,not_verified,non_déterminé,Catalogue de référencement — prix à relever/vérifier,,catalog_candidate,Produit/famille à confirmer dans le catalogue fournisseur ou point de vente avant publication du prix.
942,JP-00942,Penne,Pâtes & nouilles,Barilla,10kg,Sénégal,,,,not_verified,non_déterminé,Catalogue de référencement — prix à relever/vérifier,,catalog_candidate,Produit/famille à confirmer dans le catalogue fournisseur ou point de vente avant publication du prix.
943,JP-00943,Penne,Pâtes & nouilles,Barilla,25kg,Sénégal,,,,not_verified,non_déterminé,Catalogue de référencement — prix à relever/vérifier,,catalog_candidate,Produit/famille à confirmer dans le catalogue fournisseur ou point de vente avant publication du prix.
944,JP-00944,Penne,Pâtes & nouilles,Barilla,20L,Sénégal,,,,not_verified,non_déterminé,Catalogue de référencement — prix à relever/vérifier,,catalog_candidate,Produit/famille à confirmer dans le catalogue fournisseur ou point de vente avant publication du prix.
945,JP-00945,Penne,Pâtes & nouilles,Barilla,250ml,Sénégal,,,,not_verified,non_déterminé,Catalogue de référencement — prix à relever/vérifier,,catalog_candidate,Produit/famille à confirmer dans le catalogue fournisseur ou point de vente avant publication du prix.
946,JP-00946,Penne,Pâtes & nouilles,Barilla,330ml,Sénégal,,,,not_verified,non_déterminé,Catalogue de référencement — prix à relever/vérifier,,catalog_candidate,Produit/famille à confirmer dans le catalogue fournisseur ou point de vente avant publication du prix.
947,JP-00947,Penne,Pâtes & nouilles,Barilla,500ml,Sénégal,,,,not_verified,non_déterminé,Catalogue de référencement — prix à relever/vérifier,,catalog_candidate,Produit/famille à confirmer dans le catalogue fournisseur ou point de vente avant publication du prix.
948,JP-00948,Penne,Pâtes & nouilles,Barilla,1L,Sénégal,,,,not_verified,non_déterminé,Catalogue de référencement — prix à relever/vérifier,,catalog_candidate,Produit/famille à confirmer dans le catalogue fournisseur ou point de vente avant publication du prix.
949,JP-00949,Penne,Pâtes & nouilles,Barilla,"1,5L",Sénégal,,,,not_verified,non_déterminé,Catalogue de référencement — prix à relever/vérifier,,catalog_candidate,Produit/famille à confirmer dans le catalogue fournisseur ou point de vente avant publication du prix.
950,JP-00950,Penne,Pâtes & nouilles,Barilla,5L,Sénégal,,,,not_verified,non_déterminé,Catalogue de référencement — prix à relever/vérifier,,catalog_candidate,Produit/famille à confirmer dans le catalogue fournisseur ou point de vente avant publication du prix.
951,JP-00951,Fusilli,Pâtes & nouilles,Barilla,125g,Sénégal,,,,not_verified,non_déterminé,Catalogue de référencement — prix à relever/vérifier,,catalog_candidate,Produit/famille à confirmer dans le catalogue fournisseur ou point de vente avant publication du prix.
952,JP-00952,Fusilli,Pâtes & nouilles,Barilla,160g,Sénégal,,,,not_verified,non_déterminé,Catalogue de référencement — prix à relever/vérifier,,catalog_candidate,Produit/famille à confirmer dans le catalogue fournisseur ou point de vente avant publication du prix.
953,JP-00953,Fusilli,Pâtes & nouilles,Barilla,200g,Sénégal,,,,not_verified,non_déterminé,Catalogue de référencement — prix à relever/vérifier,,catalog_candidate,Produit/famille à confirmer dans le catalogue fournisseur ou point de vente avant publication du prix.
954,JP-00954,Fusilli,Pâtes & nouilles,Barilla,250g,Sénégal,,,,not_verified,non_déterminé,Catalogue de référencement — prix à relever/vérifier,,catalog_candidate,Produit/famille à confirmer dans le catalogue fournisseur ou point de vente avant publication du prix.
955,JP-00955,Fusilli,Pâtes & nouilles,Barilla,400g,Sénégal,,,,not_verified,non_déterminé,Catalogue de référencement — prix à relever/vérifier,,catalog_candidate,Produit/famille à confirmer dans le catalogue fournisseur ou point de vente avant publication du prix.
956,JP-00956,Fusilli,Pâtes & nouilles,Barilla,650g,Sénégal,,,,not_verified,non_déterminé,Catalogue de référencement — prix à relever/vérifier,,catalog_candidate,Produit/famille à confirmer dans le catalogue fournisseur ou point de vente avant publication du prix.
957,JP-00957,Fusilli,Pâtes & nouilles,Barilla,800g,Sénégal,,,,not_verified,non_déterminé,Catalogue de référencement — prix à relever/vérifier,,catalog_candidate,Produit/famille à confirmer dans le catalogue fournisseur ou point de vente avant publication du prix.
958,JP-00958,Fusilli,Pâtes & nouilles,Barilla,1kg,Sénégal,,,,not_verified,non_déterminé,Catalogue de référencement — prix à relever/vérifier,,catalog_candidate,Produit/famille à confirmer dans le catalogue fournisseur ou point de vente avant publication du prix.
959,JP-00959,Fusilli,Pâtes & nouilles,Barilla,2kg,Sénégal,,,,not_verified,non_déterminé,Catalogue de référencement — prix à relever/vérifier,,catalog_candidate,Produit/famille à confirmer dans le catalogue fournisseur ou point de vente avant publication du prix.
960,JP-00960,Fusilli,Pâtes & nouilles,Barilla,5kg,Sénégal,,,,not_verified,non_déterminé,Catalogue de référencement — prix à relever/vérifier,,catalog_candidate,Produit/famille à confirmer dans le catalogue fournisseur ou point de vente avant publication du prix.
961,JP-00961,Fusilli,Pâtes & nouilles,Barilla,10kg,Sénégal,,,,not_verified,non_déterminé,Catalogue de référencement — prix à relever/vérifier,,catalog_candidate,Produit/famille à confirmer dans le catalogue fournisseur ou point de vente avant publication du prix.
962,JP-00962,Fusilli,Pâtes & nouilles,Barilla,25kg,Sénégal,,,,not_verified,non_déterminé,Catalogue de référencement — prix à relever/vérifier,,catalog_candidate,Produit/famille à confirmer dans le catalogue fournisseur ou point de vente avant publication du prix.
963,JP-00963,Fusilli,Pâtes & nouilles,Barilla,20L,Sénégal,,,,not_verified,non_déterminé,Catalogue de référencement — prix à relever/vérifier,,catalog_candidate,Produit/famille à confirmer dans le catalogue fournisseur ou point de vente avant publication du prix.
964,JP-00964,Fusilli,Pâtes & nouilles,Barilla,250ml,Sénégal,,,,not_verified,non_déterminé,Catalogue de référencement — prix à relever/vérifier,,catalog_candidate,Produit/famille à confirmer dans le catalogue fournisseur ou point de vente avant publication du prix.
965,JP-00965,Fusilli,Pâtes & nouilles,Barilla,330ml,Sénégal,,,,not_verified,non_déterminé,Catalogue de référencement — prix à relever/vérifier,,catalog_candidate,Produit/famille à confirmer dans le catalogue fournisseur ou point de vente avant publication du prix.
966,JP-00966,Fusilli,Pâtes & nouilles,Barilla,500ml,Sénégal,,,,not_verified,non_déterminé,Catalogue de référencement — prix à relever/vérifier,,catalog_candidate,Produit/famille à confirmer dans le catalogue fournisseur ou point de vente avant publication du prix.
967,JP-00967,Fusilli,Pâtes & nouilles,Barilla,1L,Sénégal,,,,not_verified,non_déterminé,Catalogue de référencement — prix à relever/vérifier,,catalog_candidate,Produit/famille à confirmer dans le catalogue fournisseur ou point de vente avant publication du prix.
968,JP-00968,Fusilli,Pâtes & nouilles,Barilla,"1,5L",Sénégal,,,,not_verified,non_déterminé,Catalogue de référencement — prix à relever/vérifier,,catalog_candidate,Produit/famille à confirmer dans le catalogue fournisseur ou point de vente avant publication du prix.
969,JP-00969,Fusilli,Pâtes & nouilles,Barilla,5L,Sénégal,,,,not_verified,non_déterminé,Catalogue de référencement — prix à relever/vérifier,,catalog_candidate,Produit/famille à confirmer dans le catalogue fournisseur ou point de vente avant publication du prix.
970,JP-00970,Vermicelles,Pâtes & nouilles,Maman,125g,Sénégal,,,,not_verified,non_déterminé,Catalogue de référencement — prix à relever/vérifier,,catalog_candidate,Produit/famille à confirmer dans le catalogue fournisseur ou point de vente avant publication du prix.
971,JP-00971,Vermicelles,Pâtes & nouilles,Maman,160g,Sénégal,,,,not_verified,non_déterminé,Catalogue de référencement — prix à relever/vérifier,,catalog_candidate,Produit/famille à confirmer dans le catalogue fournisseur ou point de vente avant publication du prix.
972,JP-00972,Vermicelles,Pâtes & nouilles,Maman,200g,Sénégal,,,,not_verified,non_déterminé,Catalogue de référencement — prix à relever/vérifier,,catalog_candidate,Produit/famille à confirmer dans le catalogue fournisseur ou point de vente avant publication du prix.
973,JP-00973,Vermicelles,Pâtes & nouilles,Maman,250g,Sénégal,,,,not_verified,non_déterminé,Catalogue de référencement — prix à relever/vérifier,,catalog_candidate,Produit/famille à confirmer dans le catalogue fournisseur ou point de vente avant publication du prix.
974,JP-00974,Vermicelles,Pâtes & nouilles,Maman,400g,Sénégal,,,,not_verified,non_déterminé,Catalogue de référencement — prix à relever/vérifier,,catalog_candidate,Produit/famille à confirmer dans le catalogue fournisseur ou point de vente avant publication du prix.
975,JP-00975,Vermicelles,Pâtes & nouilles,Maman,650g,Sénégal,,,,not_verified,non_déterminé,Catalogue de référencement — prix à relever/vérifier,,catalog_candidate,Produit/famille à confirmer dans le catalogue fournisseur ou point de vente avant publication du prix.
976,JP-00976,Vermicelles,Pâtes & nouilles,Maman,800g,Sénégal,,,,not_verified,non_déterminé,Catalogue de référencement — prix à relever/vérifier,,catalog_candidate,Produit/famille à confirmer dans le catalogue fournisseur ou point de vente avant publication du prix.
977,JP-00977,Vermicelles,Pâtes & nouilles,Maman,2kg,Sénégal,,,,not_verified,non_déterminé,Catalogue de référencement — prix à relever/vérifier,,catalog_candidate,Produit/famille à confirmer dans le catalogue fournisseur ou point de vente avant publication du prix.
978,JP-00978,Vermicelles,Pâtes & nouilles,Maman,5kg,Sénégal,,,,not_verified,non_déterminé,Catalogue de référencement — prix à relever/vérifier,,catalog_candidate,Produit/famille à confirmer dans le catalogue fournisseur ou point de vente avant publication du prix.
979,JP-00979,Vermicelles,Pâtes & nouilles,Maman,10kg,Sénégal,,,,not_verified,non_déterminé,Catalogue de référencement — prix à relever/vérifier,,catalog_candidate,Produit/famille à confirmer dans le catalogue fournisseur ou point de vente avant publication du prix.
980,JP-00980,Vermicelles,Pâtes & nouilles,Maman,25kg,Sénégal,,,,not_verified,non_déterminé,Catalogue de référencement — prix à relever/vérifier,,catalog_candidate,Produit/famille à confirmer dans le catalogue fournisseur ou point de vente avant publication du prix.
981,JP-00981,Vermicelles,Pâtes & nouilles,Maman,20L,Sénégal,,,,not_verified,non_déterminé,Catalogue de référencement — prix à relever/vérifier,,catalog_candidate,Produit/famille à confirmer dans le catalogue fournisseur ou point de vente avant publication du prix.
982,JP-00982,Vermicelles,Pâtes & nouilles,Maman,250ml,Sénégal,,,,not_verified,non_déterminé,Catalogue de référencement — prix à relever/vérifier,,catalog_candidate,Produit/famille à confirmer dans le catalogue fournisseur ou point de vente avant publication du prix.
983,JP-00983,Vermicelles,Pâtes & nouilles,Maman,330ml,Sénégal,,,,not_verified,non_déterminé,Catalogue de référencement — prix à relever/vérifier,,catalog_candidate,Produit/famille à confirmer dans le catalogue fournisseur ou point de vente avant publication du prix.
984,JP-00984,Vermicelles,Pâtes & nouilles,Maman,500ml,Sénégal,,,,not_verified,non_déterminé,Catalogue de référencement — prix à relever/vérifier,,catalog_candidate,Produit/famille à confirmer dans le catalogue fournisseur ou point de vente avant publication du prix.
985,JP-00985,Vermicelles,Pâtes & nouilles,Maman,1L,Sénégal,,,,not_verified,non_déterminé,Catalogue de référencement — prix à relever/vérifier,,catalog_candidate,Produit/famille à confirmer dans le catalogue fournisseur ou point de vente avant publication du prix.
986,JP-00986,Vermicelles,Pâtes & nouilles,Maman,"1,5L",Sénégal,,,,not_verified,non_déterminé,Catalogue de référencement — prix à relever/vérifier,,catalog_candidate,Produit/famille à confirmer dans le catalogue fournisseur ou point de vente avant publication du prix.
987,JP-00987,Vermicelles,Pâtes & nouilles,Maman,5L,Sénégal,,,,not_verified,non_déterminé,Catalogue de référencement — prix à relever/vérifier,,catalog_candidate,Produit/famille à confirmer dans le catalogue fournisseur ou point de vente avant publication du prix.
988,JP-00988,Nouilles instantanées,Pâtes & nouilles,Indomie,125g,Sénégal,,,,not_verified,non_déterminé,Catalogue de référencement — prix à relever/vérifier,,catalog_candidate,Produit/famille à confirmer dans le catalogue fournisseur ou point de vente avant publication du prix.
989,JP-00989,Nouilles instantanées,Pâtes & nouilles,Indomie,160g,Sénégal,,,,not_verified,non_déterminé,Catalogue de référencement — prix à relever/vérifier,,catalog_candidate,Produit/famille à confirmer dans le catalogue fournisseur ou point de vente avant publication du prix.
990,JP-00990,Nouilles instantanées,Pâtes & nouilles,Indomie,200g,Sénégal,,,,not_verified,non_déterminé,Catalogue de référencement — prix à relever/vérifier,,catalog_candidate,Produit/famille à confirmer dans le catalogue fournisseur ou point de vente avant publication du prix.
991,JP-00991,Nouilles instantanées,Pâtes & nouilles,Indomie,250g,Sénégal,,,,not_verified,non_déterminé,Catalogue de référencement — prix à relever/vérifier,,catalog_candidate,Produit/famille à confirmer dans le catalogue fournisseur ou point de vente avant publication du prix.
992,JP-00992,Nouilles instantanées,Pâtes & nouilles,Indomie,400g,Sénégal,,,,not_verified,non_déterminé,Catalogue de référencement — prix à relever/vérifier,,catalog_candidate,Produit/famille à confirmer dans le catalogue fournisseur ou point de vente avant publication du prix.
993,JP-00993,Nouilles instantanées,Pâtes & nouilles,Indomie,500g,Sénégal,,,,not_verified,non_déterminé,Catalogue de référencement — prix à relever/vérifier,,catalog_candidate,Produit/famille à confirmer dans le catalogue fournisseur ou point de vente avant publication du prix.
994,JP-00994,Nouilles instantanées,Pâtes & nouilles,Indomie,650g,Sénégal,,,,not_verified,non_déterminé,Catalogue de référencement — prix à relever/vérifier,,catalog_candidate,Produit/famille à confirmer dans le catalogue fournisseur ou point de vente avant publication du prix.
995,JP-00995,Nouilles instantanées,Pâtes & nouilles,Indomie,800g,Sénégal,,,,not_verified,non_déterminé,Catalogue de référencement — prix à relever/vérifier,,catalog_candidate,Produit/famille à confirmer dans le catalogue fournisseur ou point de vente avant publication du prix.
996,JP-00996,Nouilles instantanées,Pâtes & nouilles,Indomie,1kg,Sénégal,,,,not_verified,non_déterminé,Catalogue de référencement — prix à relever/vérifier,,catalog_candidate,Produit/famille à confirmer dans le catalogue fournisseur ou point de vente avant publication du prix.
997,JP-00997,Nouilles instantanées,Pâtes & nouilles,Indomie,2kg,Sénégal,,,,not_verified,non_déterminé,Catalogue de référencement — prix à relever/vérifier,,catalog_candidate,Produit/famille à confirmer dans le catalogue fournisseur ou point de vente avant publication du prix.
998,JP-00998,Nouilles instantanées,Pâtes & nouilles,Indomie,5kg,Sénégal,,,,not_verified,non_déterminé,Catalogue de référencement — prix à relever/vérifier,,catalog_candidate,Produit/famille à confirmer dans le catalogue fournisseur ou point de vente avant publication du prix.
999,JP-00999,Nouilles instantanées,Pâtes & nouilles,Indomie,10kg,Sénégal,,,,not_verified,non_déterminé,Catalogue de référencement — prix à relever/vérifier,,catalog_candidate,Produit/famille à confirmer dans le catalogue fournisseur ou point de vente avant publication du prix.
1000,JP-01000,Nouilles instantanées,Pâtes & nouilles,Indomie,25kg,Sénégal,,,,not_verified,non_déterminé,Catalogue de référencement — prix à relever/vérifier,,catalog_candidate,Produit/famille à confirmer dans le catalogue fournisseur ou point de vente avant publication du prix.
1001,JP-01001,Nouilles instantanées,Pâtes & nouilles,Indomie,20L,Sénégal,,,,not_verified,non_déterminé,Catalogue de référencement — prix à relever/vérifier,,catalog_candidate,Produit/famille à confirmer dans le catalogue fournisseur ou point de vente avant publication du prix.
1002,JP-01002,Nouilles instantanées,Pâtes & nouilles,Indomie,250ml,Sénégal,,,,not_verified,non_déterminé,Catalogue de référencement — prix à relever/vérifier,,catalog_candidate,Produit/famille à confirmer dans le catalogue fournisseur ou point de vente avant publication du prix.
1003,JP-01003,Nouilles instantanées,Pâtes & nouilles,Indomie,330ml,Sénégal,,,,not_verified,non_déterminé,Catalogue de référencement — prix à relever/vérifier,,catalog_candidate,Produit/famille à confirmer dans le catalogue fournisseur ou point de vente avant publication du prix.
1004,JP-01004,Nouilles instantanées,Pâtes & nouilles,Indomie,500ml,Sénégal,,,,not_verified,non_déterminé,Catalogue de référencement — prix à relever/vérifier,,catalog_candidate,Produit/famille à confirmer dans le catalogue fournisseur ou point de vente avant publication du prix.
1005,JP-01005,Nouilles instantanées,Pâtes & nouilles,Indomie,1L,Sénégal,,,,not_verified,non_déterminé,Catalogue de référencement — prix à relever/vérifier,,catalog_candidate,Produit/famille à confirmer dans le catalogue fournisseur ou point de vente avant publication du prix.
1006,JP-01006,Nouilles instantanées,Pâtes & nouilles,Indomie,"1,5L",Sénégal,,,,not_verified,non_déterminé,Catalogue de référencement — prix à relever/vérifier,,catalog_candidate,Produit/famille à confirmer dans le catalogue fournisseur ou point de vente avant publication du prix.
1007,JP-01007,Nouilles instantanées,Pâtes & nouilles,Indomie,5L,Sénégal,,,,not_verified,non_déterminé,Catalogue de référencement — prix à relever/vérifier,,catalog_candidate,Produit/famille à confirmer dans le catalogue fournisseur ou point de vente avant publication du prix.
1008,JP-01008,Lasagnes,Pâtes & nouilles,Barilla,125g,Sénégal,,,,not_verified,non_déterminé,Catalogue de référencement — prix à relever/vérifier,,catalog_candidate,Produit/famille à confirmer dans le catalogue fournisseur ou point de vente avant publication du prix.
1009,JP-01009,Lasagnes,Pâtes & nouilles,Barilla,160g,Sénégal,,,,not_verified,non_déterminé,Catalogue de référencement — prix à relever/vérifier,,catalog_candidate,Produit/famille à confirmer dans le catalogue fournisseur ou point de vente avant publication du prix.
1010,JP-01010,Lasagnes,Pâtes & nouilles,Barilla,200g,Sénégal,,,,not_verified,non_déterminé,Catalogue de référencement — prix à relever/vérifier,,catalog_candidate,Produit/famille à confirmer dans le catalogue fournisseur ou point de vente avant publication du prix.
1011,JP-01011,Lasagnes,Pâtes & nouilles,Barilla,250g,Sénégal,,,,not_verified,non_déterminé,Catalogue de référencement — prix à relever/vérifier,,catalog_candidate,Produit/famille à confirmer dans le catalogue fournisseur ou point de vente avant publication du prix.
1012,JP-01012,Lasagnes,Pâtes & nouilles,Barilla,400g,Sénégal,,,,not_verified,non_déterminé,Catalogue de référencement — prix à relever/vérifier,,catalog_candidate,Produit/famille à confirmer dans le catalogue fournisseur ou point de vente avant publication du prix.
1013,JP-01013,Lasagnes,Pâtes & nouilles,Barilla,650g,Sénégal,,,,not_verified,non_déterminé,Catalogue de référencement — prix à relever/vérifier,,catalog_candidate,Produit/famille à confirmer dans le catalogue fournisseur ou point de vente avant publication du prix.
1014,JP-01014,Lasagnes,Pâtes & nouilles,Barilla,800g,Sénégal,,,,not_verified,non_déterminé,Catalogue de référencement — prix à relever/vérifier,,catalog_candidate,Produit/famille à confirmer dans le catalogue fournisseur ou point de vente avant publication du prix.
1015,JP-01015,Lasagnes,Pâtes & nouilles,Barilla,1kg,Sénégal,,,,not_verified,non_déterminé,Catalogue de référencement — prix à relever/vérifier,,catalog_candidate,Produit/famille à confirmer dans le catalogue fournisseur ou point de vente avant publication du prix.
1016,JP-01016,Lasagnes,Pâtes & nouilles,Barilla,2kg,Sénégal,,,,not_verified,non_déterminé,Catalogue de référencement — prix à relever/vérifier,,catalog_candidate,Produit/famille à confirmer dans le catalogue fournisseur ou point de vente avant publication du prix.
1017,JP-01017,Lasagnes,Pâtes & nouilles,Barilla,5kg,Sénégal,,,,not_verified,non_déterminé,Catalogue de référencement — prix à relever/vérifier,,catalog_candidate,Produit/famille à confirmer dans le catalogue fournisseur ou point de vente avant publication du prix.
1018,JP-01018,Lasagnes,Pâtes & nouilles,Barilla,10kg,Sénégal,,,,not_verified,non_déterminé,Catalogue de référencement — prix à relever/vérifier,,catalog_candidate,Produit/famille à confirmer dans le catalogue fournisseur ou point de vente avant publication du prix.
1019,JP-01019,Lasagnes,Pâtes & nouilles,Barilla,25kg,Sénégal,,,,not_verified,non_déterminé,Catalogue de référencement — prix à relever/vérifier,,catalog_candidate,Produit/famille à confirmer dans le catalogue fournisseur ou point de vente avant publication du prix.
1020,JP-01020,Lasagnes,Pâtes & nouilles,Barilla,20L,Sénégal,,,,not_verified,non_déterminé,Catalogue de référencement — prix à relever/vérifier,,catalog_candidate,Produit/famille à confirmer dans le catalogue fournisseur ou point de vente avant publication du prix.
1021,JP-01021,Lasagnes,Pâtes & nouilles,Barilla,250ml,Sénégal,,,,not_verified,non_déterminé,Catalogue de référencement — prix à relever/vérifier,,catalog_candidate,Produit/famille à confirmer dans le catalogue fournisseur ou point de vente avant publication du prix.
1022,JP-01022,Lasagnes,Pâtes & nouilles,Barilla,330ml,Sénégal,,,,not_verified,non_déterminé,Catalogue de référencement — prix à relever/vérifier,,catalog_candidate,Produit/famille à confirmer dans le catalogue fournisseur ou point de vente avant publication du prix.
1023,JP-01023,Lasagnes,Pâtes & nouilles,Barilla,500ml,Sénégal,,,,not_verified,non_déterminé,Catalogue de référencement — prix à relever/vérifier,,catalog_candidate,Produit/famille à confirmer dans le catalogue fournisseur ou point de vente avant publication du prix.
1024,JP-01024,Lasagnes,Pâtes & nouilles,Barilla,1L,Sénégal,,,,not_verified,non_déterminé,Catalogue de référencement — prix à relever/vérifier,,catalog_candidate,Produit/famille à confirmer dans le catalogue fournisseur ou point de vente avant publication du prix.
1025,JP-01025,Lasagnes,Pâtes & nouilles,Barilla,"1,5L",Sénégal,,,,not_verified,non_déterminé,Catalogue de référencement — prix à relever/vérifier,,catalog_candidate,Produit/famille à confirmer dans le catalogue fournisseur ou point de vente avant publication du prix.
1026,JP-01026,Lasagnes,Pâtes & nouilles,Barilla,5L,Sénégal,,,,not_verified,non_déterminé,Catalogue de référencement — prix à relever/vérifier,,catalog_candidate,Produit/famille à confirmer dans le catalogue fournisseur ou point de vente avant publication du prix.
1027,JP-01027,Coquillettes,Pâtes & nouilles,Barilla,125g,Sénégal,,,,not_verified,non_déterminé,Catalogue de référencement — prix à relever/vérifier,,catalog_candidate,Produit/famille à confirmer dans le catalogue fournisseur ou point de vente avant publication du prix.
1028,JP-01028,Coquillettes,Pâtes & nouilles,Barilla,160g,Sénégal,,,,not_verified,non_déterminé,Catalogue de référencement — prix à relever/vérifier,,catalog_candidate,Produit/famille à confirmer dans le catalogue fournisseur ou point de vente avant publication du prix.
1029,JP-01029,Coquillettes,Pâtes & nouilles,Barilla,200g,Sénégal,,,,not_verified,non_déterminé,Catalogue de référencement — prix à relever/vérifier,,catalog_candidate,Produit/famille à confirmer dans le catalogue fournisseur ou point de vente avant publication du prix.
1030,JP-01030,Coquillettes,Pâtes & nouilles,Barilla,250g,Sénégal,,,,not_verified,non_déterminé,Catalogue de référencement — prix à relever/vérifier,,catalog_candidate,Produit/famille à confirmer dans le catalogue fournisseur ou point de vente avant publication du prix.
1031,JP-01031,Coquillettes,Pâtes & nouilles,Barilla,400g,Sénégal,,,,not_verified,non_déterminé,Catalogue de référencement — prix à relever/vérifier,,catalog_candidate,Produit/famille à confirmer dans le catalogue fournisseur ou point de vente avant publication du prix.
1032,JP-01032,Coquillettes,Pâtes & nouilles,Barilla,650g,Sénégal,,,,not_verified,non_déterminé,Catalogue de référencement — prix à relever/vérifier,,catalog_candidate,Produit/famille à confirmer dans le catalogue fournisseur ou point de vente avant publication du prix.
1033,JP-01033,Coquillettes,Pâtes & nouilles,Barilla,800g,Sénégal,,,,not_verified,non_déterminé,Catalogue de référencement — prix à relever/vérifier,,catalog_candidate,Produit/famille à confirmer dans le catalogue fournisseur ou point de vente avant publication du prix.
1034,JP-01034,Coquillettes,Pâtes & nouilles,Barilla,1kg,Sénégal,,,,not_verified,non_déterminé,Catalogue de référencement — prix à relever/vérifier,,catalog_candidate,Produit/famille à confirmer dans le catalogue fournisseur ou point de vente avant publication du prix.
1035,JP-01035,Coquillettes,Pâtes & nouilles,Barilla,2kg,Sénégal,,,,not_verified,non_déterminé,Catalogue de référencement — prix à relever/vérifier,,catalog_candidate,Produit/famille à confirmer dans le catalogue fournisseur ou point de vente avant publication du prix.
1036,JP-01036,Coquillettes,Pâtes & nouilles,Barilla,5kg,Sénégal,,,,not_verified,non_déterminé,Catalogue de référencement — prix à relever/vérifier,,catalog_candidate,Produit/famille à confirmer dans le catalogue fournisseur ou point de vente avant publication du prix.
1037,JP-01037,Coquillettes,Pâtes & nouilles,Barilla,10kg,Sénégal,,,,not_verified,non_déterminé,Catalogue de référencement — prix à relever/vérifier,,catalog_candidate,Produit/famille à confirmer dans le catalogue fournisseur ou point de vente avant publication du prix.
1038,JP-01038,Coquillettes,Pâtes & nouilles,Barilla,25kg,Sénégal,,,,not_verified,non_déterminé,Catalogue de référencement — prix à relever/vérifier,,catalog_candidate,Produit/famille à confirmer dans le catalogue fournisseur ou point de vente avant publication du prix.
1039,JP-01039,Coquillettes,Pâtes & nouilles,Barilla,20L,Sénégal,,,,not_verified,non_déterminé,Catalogue de référencement — prix à relever/vérifier,,catalog_candidate,Produit/famille à confirmer dans le catalogue fournisseur ou point de vente avant publication du prix.
1040,JP-01040,Coquillettes,Pâtes & nouilles,Barilla,250ml,Sénégal,,,,not_verified,non_déterminé,Catalogue de référencement — prix à relever/vérifier,,catalog_candidate,Produit/famille à confirmer dans le catalogue fournisseur ou point de vente avant publication du prix.
1041,JP-01041,Coquillettes,Pâtes & nouilles,Barilla,330ml,Sénégal,,,,not_verified,non_déterminé,Catalogue de référencement — prix à relever/vérifier,,catalog_candidate,Produit/famille à confirmer dans le catalogue fournisseur ou point de vente avant publication du prix.
1042,JP-01042,Coquillettes,Pâtes & nouilles,Barilla,500ml,Sénégal,,,,not_verified,non_déterminé,Catalogue de référencement — prix à relever/vérifier,,catalog_candidate,Produit/famille à confirmer dans le catalogue fournisseur ou point de vente avant publication du prix.
1043,JP-01043,Coquillettes,Pâtes & nouilles,Barilla,1L,Sénégal,,,,not_verified,non_déterminé,Catalogue de référencement — prix à relever/vérifier,,catalog_candidate,Produit/famille à confirmer dans le catalogue fournisseur ou point de vente avant publication du prix.
1044,JP-01044,Coquillettes,Pâtes & nouilles,Barilla,"1,5L",Sénégal,,,,not_verified,non_déterminé,Catalogue de référencement — prix à relever/vérifier,,catalog_candidate,Produit/famille à confirmer dans le catalogue fournisseur ou point de vente avant publication du prix.
1045,JP-01045,Coquillettes,Pâtes & nouilles,Barilla,5L,Sénégal,,,,not_verified,non_déterminé,Catalogue de référencement — prix à relever/vérifier,,catalog_candidate,Produit/famille à confirmer dans le catalogue fournisseur ou point de vente avant publication du prix.
1046,JP-01046,Tagliatelles,Pâtes & nouilles,Barilla,125g,Sénégal,,,,not_verified,non_déterminé,Catalogue de référencement — prix à relever/vérifier,,catalog_candidate,Produit/famille à confirmer dans le catalogue fournisseur ou point de vente avant publication du prix.
1047,JP-01047,Tagliatelles,Pâtes & nouilles,Barilla,160g,Sénégal,,,,not_verified,non_déterminé,Catalogue de référencement — prix à relever/vérifier,,catalog_candidate,Produit/famille à confirmer dans le catalogue fournisseur ou point de vente avant publication du prix.
1048,JP-01048,Tagliatelles,Pâtes & nouilles,Barilla,200g,Sénégal,,,,not_verified,non_déterminé,Catalogue de référencement — prix à relever/vérifier,,catalog_candidate,Produit/famille à confirmer dans le catalogue fournisseur ou point de vente avant publication du prix.
1049,JP-01049,Tagliatelles,Pâtes & nouilles,Barilla,250g,Sénégal,,,,not_verified,non_déterminé,Catalogue de référencement — prix à relever/vérifier,,catalog_candidate,Produit/famille à confirmer dans le catalogue fournisseur ou point de vente avant publication du prix.
1050,JP-01050,Tagliatelles,Pâtes & nouilles,Barilla,400g,Sénégal,,,,not_verified,non_déterminé,Catalogue de référencement — prix à relever/vérifier,,catalog_candidate,Produit/famille à confirmer dans le catalogue fournisseur ou point de vente avant publication du prix.
1051,JP-01051,Tagliatelles,Pâtes & nouilles,Barilla,650g,Sénégal,,,,not_verified,non_déterminé,Catalogue de référencement — prix à relever/vérifier,,catalog_candidate,Produit/famille à confirmer dans le catalogue fournisseur ou point de vente avant publication du prix.
1052,JP-01052,Tagliatelles,Pâtes & nouilles,Barilla,800g,Sénégal,,,,not_verified,non_déterminé,Catalogue de référencement — prix à relever/vérifier,,catalog_candidate,Produit/famille à confirmer dans le catalogue fournisseur ou point de vente avant publication du prix.
1053,JP-01053,Tagliatelles,Pâtes & nouilles,Barilla,1kg,Sénégal,,,,not_verified,non_déterminé,Catalogue de référencement — prix à relever/vérifier,,catalog_candidate,Produit/famille à confirmer dans le catalogue fournisseur ou point de vente avant publication du prix.
1054,JP-01054,Tagliatelles,Pâtes & nouilles,Barilla,2kg,Sénégal,,,,not_verified,non_déterminé,Catalogue de référencement — prix à relever/vérifier,,catalog_candidate,Produit/famille à confirmer dans le catalogue fournisseur ou point de vente avant publication du prix.
1055,JP-01055,Tagliatelles,Pâtes & nouilles,Barilla,5kg,Sénégal,,,,not_verified,non_déterminé,Catalogue de référencement — prix à relever/vérifier,,catalog_candidate,Produit/famille à confirmer dans le catalogue fournisseur ou point de vente avant publication du prix.
1056,JP-01056,Tagliatelles,Pâtes & nouilles,Barilla,10kg,Sénégal,,,,not_verified,non_déterminé,Catalogue de référencement — prix à relever/vérifier,,catalog_candidate,Produit/famille à confirmer dans le catalogue fournisseur ou point de vente avant publication du prix.
1057,JP-01057,Tagliatelles,Pâtes & nouilles,Barilla,25kg,Sénégal,,,,not_verified,non_déterminé,Catalogue de référencement — prix à relever/vérifier,,catalog_candidate,Produit/famille à confirmer dans le catalogue fournisseur ou point de vente avant publication du prix.
1058,JP-01058,Tagliatelles,Pâtes & nouilles,Barilla,20L,Sénégal,,,,not_verified,non_déterminé,Catalogue de référencement — prix à relever/vérifier,,catalog_candidate,Produit/famille à confirmer dans le catalogue fournisseur ou point de vente avant publication du prix.
1059,JP-01059,Tagliatelles,Pâtes & nouilles,Barilla,250ml,Sénégal,,,,not_verified,non_déterminé,Catalogue de référencement — prix à relever/vérifier,,catalog_candidate,Produit/famille à confirmer dans le catalogue fournisseur ou point de vente avant publication du prix.
1060,JP-01060,Tagliatelles,Pâtes & nouilles,Barilla,330ml,Sénégal,,,,not_verified,non_déterminé,Catalogue de référencement — prix à relever/vérifier,,catalog_candidate,Produit/famille à confirmer dans le catalogue fournisseur ou point de vente avant publication du prix.
1061,JP-01061,Tagliatelles,Pâtes & nouilles,Barilla,500ml,Sénégal,,,,not_verified,non_déterminé,Catalogue de référencement — prix à relever/vérifier,,catalog_candidate,Produit/famille à confirmer dans le catalogue fournisseur ou point de vente avant publication du prix.
1062,JP-01062,Tagliatelles,Pâtes & nouilles,Barilla,1L,Sénégal,,,,not_verified,non_déterminé,Catalogue de référencement — prix à relever/vérifier,,catalog_candidate,Produit/famille à confirmer dans le catalogue fournisseur ou point de vente avant publication du prix.
1063,JP-01063,Tagliatelles,Pâtes & nouilles,Barilla,"1,5L",Sénégal,,,,not_verified,non_déterminé,Catalogue de référencement — prix à relever/vérifier,,catalog_candidate,Produit/famille à confirmer dans le catalogue fournisseur ou point de vente avant publication du prix.
1064,JP-01064,Tagliatelles,Pâtes & nouilles,Barilla,5L,Sénégal,,,,not_verified,non_déterminé,Catalogue de référencement — prix à relever/vérifier,,catalog_candidate,Produit/famille à confirmer dans le catalogue fournisseur ou point de vente avant publication du prix.
1065,JP-01065,Farine de blé,Farines & boulangerie,Gourmet,125g,Sénégal,,,,not_verified,non_déterminé,Catalogue de référencement — prix à relever/vérifier,,catalog_candidate,Produit/famille à confirmer dans le catalogue fournisseur ou point de vente avant publication du prix.
1066,JP-01066,Farine de blé,Farines & boulangerie,Gourmet,160g,Sénégal,,,,not_verified,non_déterminé,Catalogue de référencement — prix à relever/vérifier,,catalog_candidate,Produit/famille à confirmer dans le catalogue fournisseur ou point de vente avant publication du prix.
1067,JP-01067,Farine de blé,Farines & boulangerie,Gourmet,200g,Sénégal,,,,not_verified,non_déterminé,Catalogue de référencement — prix à relever/vérifier,,catalog_candidate,Produit/famille à confirmer dans le catalogue fournisseur ou point de vente avant publication du prix.
1068,JP-01068,Farine de blé,Farines & boulangerie,Gourmet,250g,Sénégal,,,,not_verified,non_déterminé,Catalogue de référencement — prix à relever/vérifier,,catalog_candidate,Produit/famille à confirmer dans le catalogue fournisseur ou point de vente avant publication du prix.
1069,JP-01069,Farine de blé,Farines & boulangerie,Gourmet,400g,Sénégal,,,,not_verified,non_déterminé,Catalogue de référencement — prix à relever/vérifier,,catalog_candidate,Produit/famille à confirmer dans le catalogue fournisseur ou point de vente avant publication du prix.
1070,JP-01070,Farine de blé,Farines & boulangerie,Gourmet,500g,Sénégal,,,,not_verified,non_déterminé,Catalogue de référencement — prix à relever/vérifier,,catalog_candidate,Produit/famille à confirmer dans le catalogue fournisseur ou point de vente avant publication du prix.
1071,JP-01071,Farine de blé,Farines & boulangerie,Gourmet,650g,Sénégal,,,,not_verified,non_déterminé,Catalogue de référencement — prix à relever/vérifier,,catalog_candidate,Produit/famille à confirmer dans le catalogue fournisseur ou point de vente avant publication du prix.
1072,JP-01072,Farine de blé,Farines & boulangerie,Gourmet,800g,Sénégal,,,,not_verified,non_déterminé,Catalogue de référencement — prix à relever/vérifier,,catalog_candidate,Produit/famille à confirmer dans le catalogue fournisseur ou point de vente avant publication du prix.
1073,JP-01073,Farine de blé,Farines & boulangerie,Gourmet,2kg,Sénégal,,,,not_verified,non_déterminé,Catalogue de référencement — prix à relever/vérifier,,catalog_candidate,Produit/famille à confirmer dans le catalogue fournisseur ou point de vente avant publication du prix.
1074,JP-01074,Farine de blé,Farines & boulangerie,Gourmet,25kg,Sénégal,,,,not_verified,non_déterminé,Catalogue de référencement — prix à relever/vérifier,,catalog_candidate,Produit/famille à confirmer dans le catalogue fournisseur ou point de vente avant publication du prix.
1075,JP-01075,Farine de blé,Farines & boulangerie,Gourmet,20L,Sénégal,,,,not_verified,non_déterminé,Catalogue de référencement — prix à relever/vérifier,,catalog_candidate,Produit/famille à confirmer dans le catalogue fournisseur ou point de vente avant publication du prix.
1076,JP-01076,Farine de blé,Farines & boulangerie,Gourmet,250ml,Sénégal,,,,not_verified,non_déterminé,Catalogue de référencement — prix à relever/vérifier,,catalog_candidate,Produit/famille à confirmer dans le catalogue fournisseur ou point de vente avant publication du prix.
1077,JP-01077,Farine de blé,Farines & boulangerie,Gourmet,330ml,Sénégal,,,,not_verified,non_déterminé,Catalogue de référencement — prix à relever/vérifier,,catalog_candidate,Produit/famille à confirmer dans le catalogue fournisseur ou point de vente avant publication du prix.
1078,JP-01078,Farine de blé,Farines & boulangerie,Gourmet,500ml,Sénégal,,,,not_verified,non_déterminé,Catalogue de référencement — prix à relever/vérifier,,catalog_candidate,Produit/famille à confirmer dans le catalogue fournisseur ou point de vente avant publication du prix.
1079,JP-01079,Farine de blé,Farines & boulangerie,Gourmet,1L,Sénégal,,,,not_verified,non_déterminé,Catalogue de référencement — prix à relever/vérifier,,catalog_candidate,Produit/famille à confirmer dans le catalogue fournisseur ou point de vente avant publication du prix.
1080,JP-01080,Farine de blé,Farines & boulangerie,Gourmet,"1,5L",Sénégal,,,,not_verified,non_déterminé,Catalogue de référencement — prix à relever/vérifier,,catalog_candidate,Produit/famille à confirmer dans le catalogue fournisseur ou point de vente avant publication du prix.
1081,JP-01081,Farine de blé,Farines & boulangerie,Gourmet,5L,Sénégal,,,,not_verified,non_déterminé,Catalogue de référencement — prix à relever/vérifier,,catalog_candidate,Produit/famille à confirmer dans le catalogue fournisseur ou point de vente avant publication du prix.
1082,JP-01082,Farine de blé type 55,Farines & boulangerie,Sans marque,125g,Sénégal,,,,not_verified,non_déterminé,Catalogue de référencement — prix à relever/vérifier,,catalog_candidate,Produit/famille à confirmer dans le catalogue fournisseur ou point de vente avant publication du prix.
1083,JP-01083,Farine de blé type 55,Farines & boulangerie,Sans marque,160g,Sénégal,,,,not_verified,non_déterminé,Catalogue de référencement — prix à relever/vérifier,,catalog_candidate,Produit/famille à confirmer dans le catalogue fournisseur ou point de vente avant publication du prix.
1084,JP-01084,Farine de blé type 55,Farines & boulangerie,Sans marque,200g,Sénégal,,,,not_verified,non_déterminé,Catalogue de référencement — prix à relever/vérifier,,catalog_candidate,Produit/famille à confirmer dans le catalogue fournisseur ou point de vente avant publication du prix.
1085,JP-01085,Farine de blé type 55,Farines & boulangerie,Sans marque,250g,Sénégal,,,,not_verified,non_déterminé,Catalogue de référencement — prix à relever/vérifier,,catalog_candidate,Produit/famille à confirmer dans le catalogue fournisseur ou point de vente avant publication du prix.
1086,JP-01086,Farine de blé type 55,Farines & boulangerie,Sans marque,400g,Sénégal,,,,not_verified,non_déterminé,Catalogue de référencement — prix à relever/vérifier,,catalog_candidate,Produit/famille à confirmer dans le catalogue fournisseur ou point de vente avant publication du prix.
1087,JP-01087,Farine de blé type 55,Farines & boulangerie,Sans marque,500g,Sénégal,,,,not_verified,non_déterminé,Catalogue de référencement — prix à relever/vérifier,,catalog_candidate,Produit/famille à confirmer dans le catalogue fournisseur ou point de vente avant publication du prix.
1088,JP-01088,Farine de blé type 55,Farines & boulangerie,Sans marque,650g,Sénégal,,,,not_verified,non_déterminé,Catalogue de référencement — prix à relever/vérifier,,catalog_candidate,Produit/famille à confirmer dans le catalogue fournisseur ou point de vente avant publication du prix.
1089,JP-01089,Farine de blé type 55,Farines & boulangerie,Sans marque,800g,Sénégal,,,,not_verified,non_déterminé,Catalogue de référencement — prix à relever/vérifier,,catalog_candidate,Produit/famille à confirmer dans le catalogue fournisseur ou point de vente avant publication du prix.
1090,JP-01090,Farine de blé type 55,Farines & boulangerie,Sans marque,1kg,Sénégal,,,,not_verified,non_déterminé,Catalogue de référencement — prix à relever/vérifier,,catalog_candidate,Produit/famille à confirmer dans le catalogue fournisseur ou point de vente avant publication du prix.
1091,JP-01091,Farine de blé type 55,Farines & boulangerie,Sans marque,2kg,Sénégal,,,,not_verified,non_déterminé,Catalogue de référencement — prix à relever/vérifier,,catalog_candidate,Produit/famille à confirmer dans le catalogue fournisseur ou point de vente avant publication du prix.
1092,JP-01092,Farine de blé type 55,Farines & boulangerie,Sans marque,5kg,Sénégal,,,,not_verified,non_déterminé,Catalogue de référencement — prix à relever/vérifier,,catalog_candidate,Produit/famille à confirmer dans le catalogue fournisseur ou point de vente avant publication du prix.
1093,JP-01093,Farine de blé type 55,Farines & boulangerie,Sans marque,10kg,Sénégal,,,,not_verified,non_déterminé,Catalogue de référencement — prix à relever/vérifier,,catalog_candidate,Produit/famille à confirmer dans le catalogue fournisseur ou point de vente avant publication du prix.
1094,JP-01094,Farine de blé type 55,Farines & boulangerie,Sans marque,25kg,Sénégal,,,,not_verified,non_déterminé,Catalogue de référencement — prix à relever/vérifier,,catalog_candidate,Produit/famille à confirmer dans le catalogue fournisseur ou point de vente avant publication du prix.
1095,JP-01095,Farine de blé type 55,Farines & boulangerie,Sans marque,20L,Sénégal,,,,not_verified,non_déterminé,Catalogue de référencement — prix à relever/vérifier,,catalog_candidate,Produit/famille à confirmer dans le catalogue fournisseur ou point de vente avant publication du prix.
1096,JP-01096,Farine de blé type 55,Farines & boulangerie,Sans marque,250ml,Sénégal,,,,not_verified,non_déterminé,Catalogue de référencement — prix à relever/vérifier,,catalog_candidate,Produit/famille à confirmer dans le catalogue fournisseur ou point de vente avant publication du prix.
1097,JP-01097,Farine de blé type 55,Farines & boulangerie,Sans marque,330ml,Sénégal,,,,not_verified,non_déterminé,Catalogue de référencement — prix à relever/vérifier,,catalog_candidate,Produit/famille à confirmer dans le catalogue fournisseur ou point de vente avant publication du prix.
1098,JP-01098,Farine de blé type 55,Farines & boulangerie,Sans marque,500ml,Sénégal,,,,not_verified,non_déterminé,Catalogue de référencement — prix à relever/vérifier,,catalog_candidate,Produit/famille à confirmer dans le catalogue fournisseur ou point de vente avant publication du prix.
1099,JP-01099,Farine de blé type 55,Farines & boulangerie,Sans marque,1L,Sénégal,,,,not_verified,non_déterminé,Catalogue de référencement — prix à relever/vérifier,,catalog_candidate,Produit/famille à confirmer dans le catalogue fournisseur ou point de vente avant publication du prix.
1100,JP-01100,Farine de blé type 55,Farines & boulangerie,Sans marque,"1,5L",Sénégal,,,,not_verified,non_déterminé,Catalogue de référencement — prix à relever/vérifier,,catalog_candidate,Produit/famille à confirmer dans le catalogue fournisseur ou point de vente avant publication du prix.
1101,JP-01101,Farine de blé type 55,Farines & boulangerie,Sans marque,5L,Sénégal,,,,not_verified,non_déterminé,Catalogue de référencement — prix à relever/vérifier,,catalog_candidate,Produit/famille à confirmer dans le catalogue fournisseur ou point de vente avant publication du prix.
1102,JP-01102,Farine améliorée,Farines & boulangerie,Sans marque,125g,Sénégal,,,,not_verified,non_déterminé,Catalogue de référencement — prix à relever/vérifier,,catalog_candidate,Produit/famille à confirmer dans le catalogue fournisseur ou point de vente avant publication du prix.
1103,JP-01103,Farine améliorée,Farines & boulangerie,Sans marque,160g,Sénégal,,,,not_verified,non_déterminé,Catalogue de référencement — prix à relever/vérifier,,catalog_candidate,Produit/famille à confirmer dans le catalogue fournisseur ou point de vente avant publication du prix.
1104,JP-01104,Farine améliorée,Farines & boulangerie,Sans marque,200g,Sénégal,,,,not_verified,non_déterminé,Catalogue de référencement — prix à relever/vérifier,,catalog_candidate,Produit/famille à confirmer dans le catalogue fournisseur ou point de vente avant publication du prix.
1105,JP-01105,Farine améliorée,Farines & boulangerie,Sans marque,250g,Sénégal,,,,not_verified,non_déterminé,Catalogue de référencement — prix à relever/vérifier,,catalog_candidate,Produit/famille à confirmer dans le catalogue fournisseur ou point de vente avant publication du prix.
1106,JP-01106,Farine améliorée,Farines & boulangerie,Sans marque,400g,Sénégal,,,,not_verified,non_déterminé,Catalogue de référencement — prix à relever/vérifier,,catalog_candidate,Produit/famille à confirmer dans le catalogue fournisseur ou point de vente avant publication du prix.
1107,JP-01107,Farine améliorée,Farines & boulangerie,Sans marque,500g,Sénégal,,,,not_verified,non_déterminé,Catalogue de référencement — prix à relever/vérifier,,catalog_candidate,Produit/famille à confirmer dans le catalogue fournisseur ou point de vente avant publication du prix.
1108,JP-01108,Farine améliorée,Farines & boulangerie,Sans marque,650g,Sénégal,,,,not_verified,non_déterminé,Catalogue de référencement — prix à relever/vérifier,,catalog_candidate,Produit/famille à confirmer dans le catalogue fournisseur ou point de vente avant publication du prix.
1109,JP-01109,Farine améliorée,Farines & boulangerie,Sans marque,800g,Sénégal,,,,not_verified,non_déterminé,Catalogue de référencement — prix à relever/vérifier,,catalog_candidate,Produit/famille à confirmer dans le catalogue fournisseur ou point de vente avant publication du prix.
1110,JP-01110,Farine améliorée,Farines & boulangerie,Sans marque,1kg,Sénégal,,,,not_verified,non_déterminé,Catalogue de référencement — prix à relever/vérifier,,catalog_candidate,Produit/famille à confirmer dans le catalogue fournisseur ou point de vente avant publication du prix.
1111,JP-01111,Farine améliorée,Farines & boulangerie,Sans marque,2kg,Sénégal,,,,not_verified,non_déterminé,Catalogue de référencement — prix à relever/vérifier,,catalog_candidate,Produit/famille à confirmer dans le catalogue fournisseur ou point de vente avant publication du prix.
1112,JP-01112,Farine améliorée,Farines & boulangerie,Sans marque,5kg,Sénégal,,,,not_verified,non_déterminé,Catalogue de référencement — prix à relever/vérifier,,catalog_candidate,Produit/famille à confirmer dans le catalogue fournisseur ou point de vente avant publication du prix.
1113,JP-01113,Farine améliorée,Farines & boulangerie,Sans marque,10kg,Sénégal,,,,not_verified,non_déterminé,Catalogue de référencement — prix à relever/vérifier,,catalog_candidate,Produit/famille à confirmer dans le catalogue fournisseur ou point de vente avant publication du prix.
1114,JP-01114,Farine améliorée,Farines & boulangerie,Sans marque,25kg,Sénégal,,,,not_verified,non_déterminé,Catalogue de référencement — prix à relever/vérifier,,catalog_candidate,Produit/famille à confirmer dans le catalogue fournisseur ou point de vente avant publication du prix.
1115,JP-01115,Farine améliorée,Farines & boulangerie,Sans marque,20L,Sénégal,,,,not_verified,non_déterminé,Catalogue de référencement — prix à relever/vérifier,,catalog_candidate,Produit/famille à confirmer dans le catalogue fournisseur ou point de vente avant publication du prix.
1116,JP-01116,Farine améliorée,Farines & boulangerie,Sans marque,250ml,Sénégal,,,,not_verified,non_déterminé,Catalogue de référencement — prix à relever/vérifier,,catalog_candidate,Produit/famille à confirmer dans le catalogue fournisseur ou point de vente avant publication du prix.
1117,JP-01117,Farine améliorée,Farines & boulangerie,Sans marque,330ml,Sénégal,,,,not_verified,non_déterminé,Catalogue de référencement — prix à relever/vérifier,,catalog_candidate,Produit/famille à confirmer dans le catalogue fournisseur ou point de vente avant publication du prix.
1118,JP-01118,Farine améliorée,Farines & boulangerie,Sans marque,500ml,Sénégal,,,,not_verified,non_déterminé,Catalogue de référencement — prix à relever/vérifier,,catalog_candidate,Produit/famille à confirmer dans le catalogue fournisseur ou point de vente avant publication du prix.
1119,JP-01119,Farine améliorée,Farines & boulangerie,Sans marque,1L,Sénégal,,,,not_verified,non_déterminé,Catalogue de référencement — prix à relever/vérifier,,catalog_candidate,Produit/famille à confirmer dans le catalogue fournisseur ou point de vente avant publication du prix.
1120,JP-01120,Farine améliorée,Farines & boulangerie,Sans marque,"1,5L",Sénégal,,,,not_verified,non_déterminé,Catalogue de référencement — prix à relever/vérifier,,catalog_candidate,Produit/famille à confirmer dans le catalogue fournisseur ou point de vente avant publication du prix.
1121,JP-01121,Farine améliorée,Farines & boulangerie,Sans marque,5L,Sénégal,,,,not_verified,non_déterminé,Catalogue de référencement — prix à relever/vérifier,,catalog_candidate,Produit/famille à confirmer dans le catalogue fournisseur ou point de vente avant publication du prix.
1122,JP-01122,Farine de maïs,Farines & boulangerie,Sans marque,125g,Sénégal,,,,not_verified,non_déterminé,Catalogue de référencement — prix à relever/vérifier,,catalog_candidate,Produit/famille à confirmer dans le catalogue fournisseur ou point de vente avant publication du prix.
1123,JP-01123,Farine de maïs,Farines & boulangerie,Sans marque,160g,Sénégal,,,,not_verified,non_déterminé,Catalogue de référencement — prix à relever/vérifier,,catalog_candidate,Produit/famille à confirmer dans le catalogue fournisseur ou point de vente avant publication du prix.
1124,JP-01124,Farine de maïs,Farines & boulangerie,Sans marque,200g,Sénégal,,,,not_verified,non_déterminé,Catalogue de référencement — prix à relever/vérifier,,catalog_candidate,Produit/famille à confirmer dans le catalogue fournisseur ou point de vente avant publication du prix.
1125,JP-01125,Farine de maïs,Farines & boulangerie,Sans marque,250g,Sénégal,,,,not_verified,non_déterminé,Catalogue de référencement — prix à relever/vérifier,,catalog_candidate,Produit/famille à confirmer dans le catalogue fournisseur ou point de vente avant publication du prix.
1126,JP-01126,Farine de maïs,Farines & boulangerie,Sans marque,400g,Sénégal,,,,not_verified,non_déterminé,Catalogue de référencement — prix à relever/vérifier,,catalog_candidate,Produit/famille à confirmer dans le catalogue fournisseur ou point de vente avant publication du prix.
1127,JP-01127,Farine de maïs,Farines & boulangerie,Sans marque,500g,Sénégal,,,,not_verified,non_déterminé,Catalogue de référencement — prix à relever/vérifier,,catalog_candidate,Produit/famille à confirmer dans le catalogue fournisseur ou point de vente avant publication du prix.
1128,JP-01128,Farine de maïs,Farines & boulangerie,Sans marque,650g,Sénégal,,,,not_verified,non_déterminé,Catalogue de référencement — prix à relever/vérifier,,catalog_candidate,Produit/famille à confirmer dans le catalogue fournisseur ou point de vente avant publication du prix.
1129,JP-01129,Farine de maïs,Farines & boulangerie,Sans marque,800g,Sénégal,,,,not_verified,non_déterminé,Catalogue de référencement — prix à relever/vérifier,,catalog_candidate,Produit/famille à confirmer dans le catalogue fournisseur ou point de vente avant publication du prix.
1130,JP-01130,Farine de maïs,Farines & boulangerie,Sans marque,2kg,Sénégal,,,,not_verified,non_déterminé,Catalogue de référencement — prix à relever/vérifier,,catalog_candidate,Produit/famille à confirmer dans le catalogue fournisseur ou point de vente avant publication du prix.
1131,JP-01131,Farine de maïs,Farines & boulangerie,Sans marque,5kg,Sénégal,,,,not_verified,non_déterminé,Catalogue de référencement — prix à relever/vérifier,,catalog_candidate,Produit/famille à confirmer dans le catalogue fournisseur ou point de vente avant publication du prix.
1132,JP-01132,Farine de maïs,Farines & boulangerie,Sans marque,10kg,Sénégal,,,,not_verified,non_déterminé,Catalogue de référencement — prix à relever/vérifier,,catalog_candidate,Produit/famille à confirmer dans le catalogue fournisseur ou point de vente avant publication du prix.
1133,JP-01133,Farine de maïs,Farines & boulangerie,Sans marque,25kg,Sénégal,,,,not_verified,non_déterminé,Catalogue de référencement — prix à relever/vérifier,,catalog_candidate,Produit/famille à confirmer dans le catalogue fournisseur ou point de vente avant publication du prix.
1134,JP-01134,Farine de maïs,Farines & boulangerie,Sans marque,20L,Sénégal,,,,not_verified,non_déterminé,Catalogue de référencement — prix à relever/vérifier,,catalog_candidate,Produit/famille à confirmer dans le catalogue fournisseur ou point de vente avant publication du prix.
1135,JP-01135,Farine de maïs,Farines & boulangerie,Sans marque,250ml,Sénégal,,,,not_verified,non_déterminé,Catalogue de référencement — prix à relever/vérifier,,catalog_candidate,Produit/famille à confirmer dans le catalogue fournisseur ou point de vente avant publication du prix.
1136,JP-01136,Farine de maïs,Farines & boulangerie,Sans marque,330ml,Sénégal,,,,not_verified,non_déterminé,Catalogue de référencement — prix à relever/vérifier,,catalog_candidate,Produit/famille à confirmer dans le catalogue fournisseur ou point de vente avant publication du prix.
1137,JP-01137,Farine de maïs,Farines & boulangerie,Sans marque,500ml,Sénégal,,,,not_verified,non_déterminé,Catalogue de référencement — prix à relever/vérifier,,catalog_candidate,Produit/famille à confirmer dans le catalogue fournisseur ou point de vente avant publication du prix.
1138,JP-01138,Farine de maïs,Farines & boulangerie,Sans marque,1L,Sénégal,,,,not_verified,non_déterminé,Catalogue de référencement — prix à relever/vérifier,,catalog_candidate,Produit/famille à confirmer dans le catalogue fournisseur ou point de vente avant publication du prix.
1139,JP-01139,Farine de maïs,Farines & boulangerie,Sans marque,"1,5L",Sénégal,,,,not_verified,non_déterminé,Catalogue de référencement — prix à relever/vérifier,,catalog_candidate,Produit/famille à confirmer dans le catalogue fournisseur ou point de vente avant publication du prix.
1140,JP-01140,Farine de maïs,Farines & boulangerie,Sans marque,5L,Sénégal,,,,not_verified,non_déterminé,Catalogue de référencement — prix à relever/vérifier,,catalog_candidate,Produit/famille à confirmer dans le catalogue fournisseur ou point de vente avant publication du prix.
1141,JP-01141,Farine de mil,Farines & boulangerie,Sans marque,125g,Sénégal,,,,not_verified,non_déterminé,Catalogue de référencement — prix à relever/vérifier,,catalog_candidate,Produit/famille à confirmer dans le catalogue fournisseur ou point de vente avant publication du prix.
1142,JP-01142,Farine de mil,Farines & boulangerie,Sans marque,160g,Sénégal,,,,not_verified,non_déterminé,Catalogue de référencement — prix à relever/vérifier,,catalog_candidate,Produit/famille à confirmer dans le catalogue fournisseur ou point de vente avant publication du prix.
1143,JP-01143,Farine de mil,Farines & boulangerie,Sans marque,200g,Sénégal,,,,not_verified,non_déterminé,Catalogue de référencement — prix à relever/vérifier,,catalog_candidate,Produit/famille à confirmer dans le catalogue fournisseur ou point de vente avant publication du prix.
1144,JP-01144,Farine de mil,Farines & boulangerie,Sans marque,250g,Sénégal,,,,not_verified,non_déterminé,Catalogue de référencement — prix à relever/vérifier,,catalog_candidate,Produit/famille à confirmer dans le catalogue fournisseur ou point de vente avant publication du prix.
1145,JP-01145,Farine de mil,Farines & boulangerie,Sans marque,400g,Sénégal,,,,not_verified,non_déterminé,Catalogue de référencement — prix à relever/vérifier,,catalog_candidate,Produit/famille à confirmer dans le catalogue fournisseur ou point de vente avant publication du prix.
1146,JP-01146,Farine de mil,Farines & boulangerie,Sans marque,500g,Sénégal,,,,not_verified,non_déterminé,Catalogue de référencement — prix à relever/vérifier,,catalog_candidate,Produit/famille à confirmer dans le catalogue fournisseur ou point de vente avant publication du prix.
1147,JP-01147,Farine de mil,Farines & boulangerie,Sans marque,650g,Sénégal,,,,not_verified,non_déterminé,Catalogue de référencement — prix à relever/vérifier,,catalog_candidate,Produit/famille à confirmer dans le catalogue fournisseur ou point de vente avant publication du prix.
1148,JP-01148,Farine de mil,Farines & boulangerie,Sans marque,800g,Sénégal,,,,not_verified,non_déterminé,Catalogue de référencement — prix à relever/vérifier,,catalog_candidate,Produit/famille à confirmer dans le catalogue fournisseur ou point de vente avant publication du prix.
1149,JP-01149,Farine de mil,Farines & boulangerie,Sans marque,2kg,Sénégal,,,,not_verified,non_déterminé,Catalogue de référencement — prix à relever/vérifier,,catalog_candidate,Produit/famille à confirmer dans le catalogue fournisseur ou point de vente avant publication du prix.
1150,JP-01150,Farine de mil,Farines & boulangerie,Sans marque,5kg,Sénégal,,,,not_verified,non_déterminé,Catalogue de référencement — prix à relever/vérifier,,catalog_candidate,Produit/famille à confirmer dans le catalogue fournisseur ou point de vente avant publication du prix.
1151,JP-01151,Farine de mil,Farines & boulangerie,Sans marque,10kg,Sénégal,,,,not_verified,non_déterminé,Catalogue de référencement — prix à relever/vérifier,,catalog_candidate,Produit/famille à confirmer dans le catalogue fournisseur ou point de vente avant publication du prix.
1152,JP-01152,Farine de mil,Farines & boulangerie,Sans marque,25kg,Sénégal,,,,not_verified,non_déterminé,Catalogue de référencement — prix à relever/vérifier,,catalog_candidate,Produit/famille à confirmer dans le catalogue fournisseur ou point de vente avant publication du prix.
1153,JP-01153,Farine de mil,Farines & boulangerie,Sans marque,20L,Sénégal,,,,not_verified,non_déterminé,Catalogue de référencement — prix à relever/vérifier,,catalog_candidate,Produit/famille à confirmer dans le catalogue fournisseur ou point de vente avant publication du prix.
1154,JP-01154,Farine de mil,Farines & boulangerie,Sans marque,250ml,Sénégal,,,,not_verified,non_déterminé,Catalogue de référencement — prix à relever/vérifier,,catalog_candidate,Produit/famille à confirmer dans le catalogue fournisseur ou point de vente avant publication du prix.
1155,JP-01155,Farine de mil,Farines & boulangerie,Sans marque,330ml,Sénégal,,,,not_verified,non_déterminé,Catalogue de référencement — prix à relever/vérifier,,catalog_candidate,Produit/famille à confirmer dans le catalogue fournisseur ou point de vente avant publication du prix.
1156,JP-01156,Farine de mil,Farines & boulangerie,Sans marque,500ml,Sénégal,,,,not_verified,non_déterminé,Catalogue de référencement — prix à relever/vérifier,,catalog_candidate,Produit/famille à confirmer dans le catalogue fournisseur ou point de vente avant publication du prix.
1157,JP-01157,Farine de mil,Farines & boulangerie,Sans marque,1L,Sénégal,,,,not_verified,non_déterminé,Catalogue de référencement — prix à relever/vérifier,,catalog_candidate,Produit/famille à confirmer dans le catalogue fournisseur ou point de vente avant publication du prix.
1158,JP-01158,Farine de mil,Farines & boulangerie,Sans marque,"1,5L",Sénégal,,,,not_verified,non_déterminé,Catalogue de référencement — prix à relever/vérifier,,catalog_candidate,Produit/famille à confirmer dans le catalogue fournisseur ou point de vente avant publication du prix.
1159,JP-01159,Farine de mil,Farines & boulangerie,Sans marque,5L,Sénégal,,,,not_verified,non_déterminé,Catalogue de référencement — prix à relever/vérifier,,catalog_candidate,Produit/famille à confirmer dans le catalogue fournisseur ou point de vente avant publication du prix.
1160,JP-01160,Levure sèche,Farines & boulangerie,Panelli,125g,Sénégal,,,,not_verified,non_déterminé,Catalogue de référencement — prix à relever/vérifier,,catalog_candidate,Produit/famille à confirmer dans le catalogue fournisseur ou point de vente avant publication du prix.
1161,JP-01161,Levure sèche,Farines & boulangerie,Panelli,160g,Sénégal,,,,not_verified,non_déterminé,Catalogue de référencement — prix à relever/vérifier,,catalog_candidate,Produit/famille à confirmer dans le catalogue fournisseur ou point de vente avant publication du prix.
1162,JP-01162,Levure sèche,Farines & boulangerie,Panelli,200g,Sénégal,,,,not_verified,non_déterminé,Catalogue de référencement — prix à relever/vérifier,,catalog_candidate,Produit/famille à confirmer dans le catalogue fournisseur ou point de vente avant publication du prix.
1163,JP-01163,Levure sèche,Farines & boulangerie,Panelli,250g,Sénégal,,,,not_verified,non_déterminé,Catalogue de référencement — prix à relever/vérifier,,catalog_candidate,Produit/famille à confirmer dans le catalogue fournisseur ou point de vente avant publication du prix.
1164,JP-01164,Levure sèche,Farines & boulangerie,Panelli,400g,Sénégal,,,,not_verified,non_déterminé,Catalogue de référencement — prix à relever/vérifier,,catalog_candidate,Produit/famille à confirmer dans le catalogue fournisseur ou point de vente avant publication du prix.
1165,JP-01165,Levure sèche,Farines & boulangerie,Panelli,650g,Sénégal,,,,not_verified,non_déterminé,Catalogue de référencement — prix à relever/vérifier,,catalog_candidate,Produit/famille à confirmer dans le catalogue fournisseur ou point de vente avant publication du prix.
1166,JP-01166,Levure sèche,Farines & boulangerie,Panelli,800g,Sénégal,,,,not_verified,non_déterminé,Catalogue de référencement — prix à relever/vérifier,,catalog_candidate,Produit/famille à confirmer dans le catalogue fournisseur ou point de vente avant publication du prix.
1167,JP-01167,Levure sèche,Farines & boulangerie,Panelli,1kg,Sénégal,,,,not_verified,non_déterminé,Catalogue de référencement — prix à relever/vérifier,,catalog_candidate,Produit/famille à confirmer dans le catalogue fournisseur ou point de vente avant publication du prix.
1168,JP-01168,Levure sèche,Farines & boulangerie,Panelli,2kg,Sénégal,,,,not_verified,non_déterminé,Catalogue de référencement — prix à relever/vérifier,,catalog_candidate,Produit/famille à confirmer dans le catalogue fournisseur ou point de vente avant publication du prix.
1169,JP-01169,Levure sèche,Farines & boulangerie,Panelli,5kg,Sénégal,,,,not_verified,non_déterminé,Catalogue de référencement — prix à relever/vérifier,,catalog_candidate,Produit/famille à confirmer dans le catalogue fournisseur ou point de vente avant publication du prix.
1170,JP-01170,Levure sèche,Farines & boulangerie,Panelli,10kg,Sénégal,,,,not_verified,non_déterminé,Catalogue de référencement — prix à relever/vérifier,,catalog_candidate,Produit/famille à confirmer dans le catalogue fournisseur ou point de vente avant publication du prix.
1171,JP-01171,Levure sèche,Farines & boulangerie,Panelli,25kg,Sénégal,,,,not_verified,non_déterminé,Catalogue de référencement — prix à relever/vérifier,,catalog_candidate,Produit/famille à confirmer dans le catalogue fournisseur ou point de vente avant publication du prix.
1172,JP-01172,Levure sèche,Farines & boulangerie,Panelli,20L,Sénégal,,,,not_verified,non_déterminé,Catalogue de référencement — prix à relever/vérifier,,catalog_candidate,Produit/famille à confirmer dans le catalogue fournisseur ou point de vente avant publication du prix.
1173,JP-01173,Levure sèche,Farines & boulangerie,Panelli,250ml,Sénégal,,,,not_verified,non_déterminé,Catalogue de référencement — prix à relever/vérifier,,catalog_candidate,Produit/famille à confirmer dans le catalogue fournisseur ou point de vente avant publication du prix.
1174,JP-01174,Levure sèche,Farines & boulangerie,Panelli,330ml,Sénégal,,,,not_verified,non_déterminé,Catalogue de référencement — prix à relever/vérifier,,catalog_candidate,Produit/famille à confirmer dans le catalogue fournisseur ou point de vente avant publication du prix.
1175,JP-01175,Levure sèche,Farines & boulangerie,Panelli,500ml,Sénégal,,,,not_verified,non_déterminé,Catalogue de référencement — prix à relever/vérifier,,catalog_candidate,Produit/famille à confirmer dans le catalogue fournisseur ou point de vente avant publication du prix.
1176,JP-01176,Levure sèche,Farines & boulangerie,Panelli,1L,Sénégal,,,,not_verified,non_déterminé,Catalogue de référencement — prix à relever/vérifier,,catalog_candidate,Produit/famille à confirmer dans le catalogue fournisseur ou point de vente avant publication du prix.
1177,JP-01177,Levure sèche,Farines & boulangerie,Panelli,"1,5L",Sénégal,,,,not_verified,non_déterminé,Catalogue de référencement — prix à relever/vérifier,,catalog_candidate,Produit/famille à confirmer dans le catalogue fournisseur ou point de vente avant publication du prix.
1178,JP-01178,Levure sèche,Farines & boulangerie,Panelli,5L,Sénégal,,,,not_verified,non_déterminé,Catalogue de référencement — prix à relever/vérifier,,catalog_candidate,Produit/famille à confirmer dans le catalogue fournisseur ou point de vente avant publication du prix.
1179,JP-01179,Levure boulangère,Farines & boulangerie,Sans marque,160g,Sénégal,,,,not_verified,non_déterminé,Catalogue de référencement — prix à relever/vérifier,,catalog_candidate,Produit/famille à confirmer dans le catalogue fournisseur ou point de vente avant publication du prix.
1180,JP-01180,Levure boulangère,Farines & boulangerie,Sans marque,200g,Sénégal,,,,not_verified,non_déterminé,Catalogue de référencement — prix à relever/vérifier,,catalog_candidate,Produit/famille à confirmer dans le catalogue fournisseur ou point de vente avant publication du prix.
1181,JP-01181,Levure boulangère,Farines & boulangerie,Sans marque,250g,Sénégal,,,,not_verified,non_déterminé,Catalogue de référencement — prix à relever/vérifier,,catalog_candidate,Produit/famille à confirmer dans le catalogue fournisseur ou point de vente avant publication du prix.
1182,JP-01182,Levure boulangère,Farines & boulangerie,Sans marque,400g,Sénégal,,,,not_verified,non_déterminé,Catalogue de référencement — prix à relever/vérifier,,catalog_candidate,Produit/famille à confirmer dans le catalogue fournisseur ou point de vente avant publication du prix.
1183,JP-01183,Levure boulangère,Farines & boulangerie,Sans marque,500g,Sénégal,,,,not_verified,non_déterminé,Catalogue de référencement — prix à relever/vérifier,,catalog_candidate,Produit/famille à confirmer dans le catalogue fournisseur ou point de vente avant publication du prix.
1184,JP-01184,Levure boulangère,Farines & boulangerie,Sans marque,650g,Sénégal,,,,not_verified,non_déterminé,Catalogue de référencement — prix à relever/vérifier,,catalog_candidate,Produit/famille à confirmer dans le catalogue fournisseur ou point de vente avant publication du prix.
1185,JP-01185,Levure boulangère,Farines & boulangerie,Sans marque,800g,Sénégal,,,,not_verified,non_déterminé,Catalogue de référencement — prix à relever/vérifier,,catalog_candidate,Produit/famille à confirmer dans le catalogue fournisseur ou point de vente avant publication du prix.
1186,JP-01186,Levure boulangère,Farines & boulangerie,Sans marque,1kg,Sénégal,,,,not_verified,non_déterminé,Catalogue de référencement — prix à relever/vérifier,,catalog_candidate,Produit/famille à confirmer dans le catalogue fournisseur ou point de vente avant publication du prix.
1187,JP-01187,Levure boulangère,Farines & boulangerie,Sans marque,2kg,Sénégal,,,,not_verified,non_déterminé,Catalogue de référencement — prix à relever/vérifier,,catalog_candidate,Produit/famille à confirmer dans le catalogue fournisseur ou point de vente avant publication du prix.
1188,JP-01188,Levure boulangère,Farines & boulangerie,Sans marque,5kg,Sénégal,,,,not_verified,non_déterminé,Catalogue de référencement — prix à relever/vérifier,,catalog_candidate,Produit/famille à confirmer dans le catalogue fournisseur ou point de vente avant publication du prix.
1189,JP-01189,Levure boulangère,Farines & boulangerie,Sans marque,10kg,Sénégal,,,,not_verified,non_déterminé,Catalogue de référencement — prix à relever/vérifier,,catalog_candidate,Produit/famille à confirmer dans le catalogue fournisseur ou point de vente avant publication du prix.
1190,JP-01190,Levure boulangère,Farines & boulangerie,Sans marque,25kg,Sénégal,,,,not_verified,non_déterminé,Catalogue de référencement — prix à relever/vérifier,,catalog_candidate,Produit/famille à confirmer dans le catalogue fournisseur ou point de vente avant publication du prix.
1191,JP-01191,Levure boulangère,Farines & boulangerie,Sans marque,20L,Sénégal,,,,not_verified,non_déterminé,Catalogue de référencement — prix à relever/vérifier,,catalog_candidate,Produit/famille à confirmer dans le catalogue fournisseur ou point de vente avant publication du prix.
1192,JP-01192,Levure boulangère,Farines & boulangerie,Sans marque,250ml,Sénégal,,,,not_verified,non_déterminé,Catalogue de référencement — prix à relever/vérifier,,catalog_candidate,Produit/famille à confirmer dans le catalogue fournisseur ou point de vente avant publication du prix.
1193,JP-01193,Levure boulangère,Farines & boulangerie,Sans marque,330ml,Sénégal,,,,not_verified,non_déterminé,Catalogue de référencement — prix à relever/vérifier,,catalog_candidate,Produit/famille à confirmer dans le catalogue fournisseur ou point de vente avant publication du prix.
1194,JP-01194,Levure boulangère,Farines & boulangerie,Sans marque,500ml,Sénégal,,,,not_verified,non_déterminé,Catalogue de référencement — prix à relever/vérifier,,catalog_candidate,Produit/famille à confirmer dans le catalogue fournisseur ou point de vente avant publication du prix.
1195,JP-01195,Levure boulangère,Farines & boulangerie,Sans marque,1L,Sénégal,,,,not_verified,non_déterminé,Catalogue de référencement — prix à relever/vérifier,,catalog_candidate,Produit/famille à confirmer dans le catalogue fournisseur ou point de vente avant publication du prix.
1196,JP-01196,Levure boulangère,Farines & boulangerie,Sans marque,"1,5L",Sénégal,,,,not_verified,non_déterminé,Catalogue de référencement — prix à relever/vérifier,,catalog_candidate,Produit/famille à confirmer dans le catalogue fournisseur ou point de vente avant publication du prix.
1197,JP-01197,Levure boulangère,Farines & boulangerie,Sans marque,5L,Sénégal,,,,not_verified,non_déterminé,Catalogue de référencement — prix à relever/vérifier,,catalog_candidate,Produit/famille à confirmer dans le catalogue fournisseur ou point de vente avant publication du prix.
1198,JP-01198,Chapelure,Farines & boulangerie,Sans marque,125g,Sénégal,,,,not_verified,non_déterminé,Catalogue de référencement — prix à relever/vérifier,,catalog_candidate,Produit/famille à confirmer dans le catalogue fournisseur ou point de vente avant publication du prix.
1199,JP-01199,Chapelure,Farines & boulangerie,Sans marque,160g,Sénégal,,,,not_verified,non_déterminé,Catalogue de référencement — prix à relever/vérifier,,catalog_candidate,Produit/famille à confirmer dans le catalogue fournisseur ou point de vente avant publication du prix.
1200,JP-01200,Chapelure,Farines & boulangerie,Sans marque,250g,Sénégal,,,,not_verified,non_déterminé,Catalogue de référencement — prix à relever/vérifier,,catalog_candidate,Produit/famille à confirmer dans le catalogue fournisseur ou point de vente avant publication du prix.
